Date,Symbol,Series,Open,High,Low,Close
2016-03-23,BAJAJFINSV,EQ,1658.3,1738.0,1653.0,1724.8
2016-03-28,BAJAJFINSV,EQ,1728.5,1745.0,1652.85,1684.85
2016-03-29,BAJAJFINSV,EQ,1675.0,1697.05,1652.5,1666.9
2016-03-30,BAJAJFINSV,EQ,1701.0,1729.0,1672.8,1696.55
2016-03-31,BAJAJFINSV,EQ,1710.05,1725.2,1685.6,1711.1
2016-04-01,BAJAJFINSV,EQ,1712.0,1764.95,1712.0,1746.75
2016-04-04,BAJAJFINSV,EQ,1762.0,1763.95,1747.5,1751.3
2016-04-05,BAJAJFINSV,EQ,1751.35,1755.0,1737.0,1748.8
2016-04-06,BAJAJFINSV,EQ,1741.2,1783.0,1741.2,1765.45
2016-04-07,BAJAJFINSV,EQ,1774.95,1776.8,1753.2,1763.85
2016-04-08,BAJAJFINSV,EQ,1763.0,1771.0,1740.05,1749.9
2016-04-11,BAJAJFINSV,EQ,1760.0,1806.35,1755.4,1778.0
2016-04-12,BAJAJFINSV,EQ,1782.0,1788.0,1765.0,1778.55
2016-04-13,BAJAJFINSV,EQ,1780.0,1846.0,1767.0,1821.2
2016-04-18,BAJAJFINSV,EQ,1812.0,1931.0,1812.0,1871.6
2016-04-20,BAJAJFINSV,EQ,1884.95,1921.0,1875.1,1881.75
2016-04-21,BAJAJFINSV,EQ,1881.75,1900.0,1824.95,1846.4
2016-04-22,BAJAJFINSV,EQ,1850.05,1862.85,1823.0,1847.5
2016-04-25,BAJAJFINSV,EQ,1859.9,1860.0,1834.05,1841.15
2016-04-26,BAJAJFINSV,EQ,1845.0,1878.0,1841.0,1869.0
2016-04-27,BAJAJFINSV,EQ,1869.0,1903.95,1849.0,1879.6
2016-04-28,BAJAJFINSV,EQ,1879.4,1906.0,1825.0,1842.4
2016-04-29,BAJAJFINSV,EQ,1842.0,1883.85,1842.0,1875.35
2016-05-02,BAJAJFINSV,EQ,1880.0,1955.0,1836.3,1940.9
2016-05-03,BAJAJFINSV,EQ,1955.95,1990.0,1931.0,1947.8
2016-05-04,BAJAJFINSV,EQ,1922.1,1944.9,1893.0,1893.45
2016-05-05,BAJAJFINSV,EQ,1895.3,1932.0,1879.95,1888.05
2016-05-06,BAJAJFINSV,EQ,1899.0,1899.0,1864.8,1873.15
2016-05-09,BAJAJFINSV,EQ,1876.0,1910.05,1870.0,1880.15
2016-05-10,BAJAJFINSV,EQ,1890.0,1895.9,1850.0,1858.8
2016-05-11,BAJAJFINSV,EQ,1840.0,1879.7,1840.0,1873.1
2016-05-12,BAJAJFINSV,EQ,1883.0,1937.0,1883.0,1893.05
2016-05-13,BAJAJFINSV,EQ,1893.05,1911.25,1862.1,1867.25
2016-05-16,BAJAJFINSV,EQ,1889.0,1889.0,1848.7,1857.9
2016-05-17,BAJAJFINSV,EQ,1858.0,1864.0,1838.0,1857.05
2016-05-18,BAJAJFINSV,EQ,1867.0,1873.8,1845.05,1859.05
2016-05-19,BAJAJFINSV,EQ,1860.0,1879.0,1842.1,1853.45
2016-05-20,BAJAJFINSV,EQ,1854.0,1871.0,1790.0,1804.8
2016-05-23,BAJAJFINSV,EQ,1823.0,1855.95,1794.0,1806.15
2016-05-24,BAJAJFINSV,EQ,1821.65,1834.0,1725.55,1762.25
2016-05-25,BAJAJFINSV,EQ,1784.95,1815.0,1763.0,1789.35
2016-05-26,BAJAJFINSV,EQ,1798.0,1820.0,1785.0,1792.15
2016-05-27,BAJAJFINSV,EQ,1799.9,1853.9,1790.05,1835.7
2016-05-30,BAJAJFINSV,EQ,1838.0,1864.85,1828.25,1839.15
2016-05-31,BAJAJFINSV,EQ,1855.0,1855.0,1798.7,1820.65
2016-06-01,BAJAJFINSV,EQ,1835.95,1839.0,1774.05,1798.55
2016-06-02,BAJAJFINSV,EQ,1804.9,1867.9,1791.35,1851.4
2016-06-03,BAJAJFINSV,EQ,1870.0,1920.95,1845.0,1855.8
2016-06-06,BAJAJFINSV,EQ,1855.0,1892.0,1854.95,1866.0
2016-06-07,BAJAJFINSV,EQ,1883.0,1884.0,1858.0,1876.75
2016-06-08,BAJAJFINSV,EQ,1877.0,1902.9,1850.55,1860.2
2016-06-09,BAJAJFINSV,EQ,1862.3,1877.0,1831.5,1840.35
2016-06-10,BAJAJFINSV,EQ,1850.0,1850.0,1800.15,1812.15
2016-06-13,BAJAJFINSV,EQ,1810.0,1810.0,1766.0,1771.85
2016-06-14,BAJAJFINSV,EQ,1775.0,1897.0,1762.1,1873.9
2016-06-15,BAJAJFINSV,EQ,1887.95,1952.0,1879.95,1946.9
2016-06-16,BAJAJFINSV,EQ,1948.95,2149.6,1908.1,2043.95
2016-06-17,BAJAJFINSV,EQ,2065.0,2099.9,2022.0,2056.15
2016-06-20,BAJAJFINSV,EQ,2037.65,2059.95,1994.0,2007.85
2016-06-21,BAJAJFINSV,EQ,2012.0,2033.4,2006.35,2013.05
2016-06-22,BAJAJFINSV,EQ,2018.0,2050.0,2005.0,2025.6
2016-06-23,BAJAJFINSV,EQ,2024.95,2024.95,1982.2,2002.9
2016-06-24,BAJAJFINSV,EQ,1978.0,2099.0,1919.0,2077.65
2016-06-27,BAJAJFINSV,EQ,2091.0,2244.0,2090.0,2181.9
2016-06-28,BAJAJFINSV,EQ,2200.0,2246.95,2190.05,2196.1
2016-06-29,BAJAJFINSV,EQ,2205.4,2390.0,2180.5,2298.1
2016-06-30,BAJAJFINSV,EQ,2320.0,2359.7,2279.55,2321.6
2016-07-01,BAJAJFINSV,EQ,2321.0,2390.0,2316.25,2354.8
2016-07-04,BAJAJFINSV,EQ,2370.0,2399.7,2328.8,2351.75
2016-07-05,BAJAJFINSV,EQ,2389.0,2389.0,2306.0,2314.65
2016-07-07,BAJAJFINSV,EQ,2326.0,2339.9,2300.0,2323.8
2016-07-08,BAJAJFINSV,EQ,2313.85,2323.2,2292.05,2306.05
2016-07-11,BAJAJFINSV,EQ,2325.0,2399.0,2320.0,2359.15
2016-07-12,BAJAJFINSV,EQ,2375.0,2490.35,2365.05,2429.1
2016-07-13,BAJAJFINSV,EQ,2448.0,2448.0,2350.0,2361.85
2016-07-14,BAJAJFINSV,EQ,2378.0,2435.0,2377.95,2397.3
2016-07-15,BAJAJFINSV,EQ,2419.0,2444.0,2390.0,2430.2
2016-07-18,BAJAJFINSV,EQ,2435.0,2480.0,2414.45,2460.55
2016-07-19,BAJAJFINSV,EQ,2480.0,2511.0,2471.1,2498.35
2016-07-20,BAJAJFINSV,EQ,2500.0,2571.0,2457.1,2554.2
2016-07-21,BAJAJFINSV,EQ,2559.1,2730.0,2559.1,2608.7
2016-07-22,BAJAJFINSV,EQ,2630.0,2648.0,2576.1,2599.85
2016-07-25,BAJAJFINSV,EQ,2616.8,2677.95,2595.0,2599.95
2016-07-26,BAJAJFINSV,EQ,2618.0,2775.0,2571.1,2715.05
2016-07-27,BAJAJFINSV,EQ,2715.0,2715.0,2601.0,2614.15
2016-07-28,BAJAJFINSV,EQ,2634.8,2730.0,2619.5,2665.05
2016-07-29,BAJAJFINSV,EQ,2659.9,2784.9,2652.65,2723.9
2016-08-01,BAJAJFINSV,EQ,2739.8,2874.0,2738.7,2828.75
2016-08-02,BAJAJFINSV,EQ,2867.3,2950.0,2675.75,2726.1
2016-08-03,BAJAJFINSV,EQ,2748.0,2748.95,2601.0,2645.5
2016-08-04,BAJAJFINSV,EQ,2676.0,2735.0,2621.1,2668.6
2016-08-05,BAJAJFINSV,EQ,2679.0,2708.65,2634.0,2669.7
2016-08-08,BAJAJFINSV,EQ,2690.0,2698.0,2624.6,2642.05
2016-08-09,BAJAJFINSV,EQ,2653.7,2662.0,2576.15,2604.75
2016-08-10,BAJAJFINSV,EQ,2614.0,2749.0,2614.0,2695.5
2016-08-11,BAJAJFINSV,EQ,2700.0,2778.0,2680.0,2760.55
2016-08-12,BAJAJFINSV,EQ,2710.0,2780.0,2673.95,2770.85
2016-08-16,BAJAJFINSV,EQ,2780.8,2802.45,2740.05,2750.2
2016-08-17,BAJAJFINSV,EQ,2766.95,2779.95,2700.0,2716.8
2016-08-18,BAJAJFINSV,EQ,2737.95,2748.95,2657.0,2711.7
2016-08-19,BAJAJFINSV,EQ,2731.0,2757.0,2689.0,2698.9
2016-08-22,BAJAJFINSV,EQ,2712.55,2749.0,2705.5,2718.0
2016-08-23,BAJAJFINSV,EQ,2727.95,2735.0,2655.6,2682.4
2016-08-24,BAJAJFINSV,EQ,2692.7,2727.0,2692.7,2711.4
2016-08-25,BAJAJFINSV,EQ,2721.65,2727.15,2675.5,2688.25
2016-08-26,BAJAJFINSV,EQ,2708.85,2823.95,2691.4,2808.0
2016-08-29,BAJAJFINSV,EQ,2826.7,2845.0,2802.0,2815.9
2016-08-30,BAJAJFINSV,EQ,2825.0,2859.0,2814.0,2844.5
2016-08-31,BAJAJFINSV,EQ,2850.0,2997.0,2846.0,2967.3
2016-09-01,BAJAJFINSV,EQ,2962.0,3077.0,2930.0,3030.55
2016-09-02,BAJAJFINSV,EQ,3030.0,3113.0,3030.0,3052.5
2016-09-06,BAJAJFINSV,EQ,3079.7,3088.0,3055.0,3073.5
2016-09-07,BAJAJFINSV,EQ,3062.5,3099.0,3040.0,3057.35
2016-09-08,BAJAJFINSV,EQ,3076.7,3155.0,3050.0,3129.4
2016-09-09,BAJAJFINSV,EQ,3164.0,3164.0,3017.0,3034.4
2016-09-12,BAJAJFINSV,EQ,2970.0,2996.95,2884.95,2942.9
2016-09-14,BAJAJFINSV,EQ,2970.0,2997.9,2880.0,2903.4
2016-09-15,BAJAJFINSV,EQ,2927.0,2986.55,2910.1,2966.15
2016-09-16,BAJAJFINSV,EQ,2994.5,3019.95,2862.1,2895.05
2016-09-19,BAJAJFINSV,EQ,2911.0,2978.75,2910.75,2964.0
2016-09-20,BAJAJFINSV,EQ,2980.0,3109.8,2974.95,3096.2
2016-09-21,BAJAJFINSV,EQ,3115.0,3199.0,3109.95,3174.95
2016-09-22,BAJAJFINSV,EQ,3199.0,3300.0,3146.2,3254.2
2016-09-23,BAJAJFINSV,EQ,3279.0,3424.8,3260.0,3294.65
2016-09-26,BAJAJFINSV,EQ,3323.0,3355.2,3245.0,3287.0
2016-09-27,BAJAJFINSV,EQ,3301.0,3317.8,3258.3,3272.65
2016-09-28,BAJAJFINSV,EQ,3262.0,3265.0,3203.0,3234.65
2016-09-29,BAJAJFINSV,EQ,3265.0,3309.7,2974.9,3105.7
2016-09-30,BAJAJFINSV,EQ,3103.0,3198.0,3040.05,3069.55
2016-10-03,BAJAJFINSV,EQ,3109.0,3201.9,3102.0,3194.65
2016-10-04,BAJAJFINSV,EQ,3236.9,3240.5,3174.2,3199.85
2016-10-05,BAJAJFINSV,EQ,3228.0,3228.0,3110.4,3154.65
2016-10-06,BAJAJFINSV,EQ,3187.9,3188.0,3152.0,3159.45
2016-10-07,BAJAJFINSV,EQ,3168.0,3168.0,3111.0,3149.85
2016-10-10,BAJAJFINSV,EQ,3153.15,3166.85,3110.0,3119.9
2016-10-13,BAJAJFINSV,EQ,3114.9,3130.0,3089.0,3117.6
2016-10-14,BAJAJFINSV,EQ,3140.0,3249.9,3111.6,3174.95
2016-10-17,BAJAJFINSV,EQ,3180.0,3215.25,3135.2,3197.0
2016-10-18,BAJAJFINSV,EQ,3205.0,3360.0,3204.85,3326.0
2016-10-19,BAJAJFINSV,EQ,3380.0,3445.0,3312.0,3361.2
2016-10-20,BAJAJFINSV,EQ,3375.0,3440.0,3310.0,3337.3
2016-10-21,BAJAJFINSV,EQ,3345.0,3345.0,3262.0,3275.4
2016-10-24,BAJAJFINSV,EQ,3291.0,3309.95,3195.0,3220.95
2016-10-25,BAJAJFINSV,EQ,3234.0,3274.0,3186.3,3248.6
2016-10-26,BAJAJFINSV,EQ,3242.55,3362.0,3210.1,3327.95
2016-10-27,BAJAJFINSV,EQ,3325.5,3359.65,3185.0,3268.05
2016-10-28,BAJAJFINSV,EQ,3300.0,3410.0,3295.5,3383.2
2016-10-30,BAJAJFINSV,EQ,3405.0,3433.0,3399.95,3416.75
2016-11-01,BAJAJFINSV,EQ,3440.0,3480.0,3410.0,3458.9
2016-11-02,BAJAJFINSV,EQ,3448.0,3448.0,3357.1,3372.55
2016-11-03,BAJAJFINSV,EQ,3372.0,3398.0,3323.05,3347.75
2016-11-04,BAJAJFINSV,EQ,3347.8,3360.0,3181.0,3196.7
2016-11-07,BAJAJFINSV,EQ,3248.0,3287.0,3115.1,3141.45
2016-11-08,BAJAJFINSV,EQ,3160.0,3188.0,3020.0,3072.05
2016-11-09,BAJAJFINSV,EQ,2950.0,3185.95,2480.0,3032.45
2016-11-10,BAJAJFINSV,EQ,3087.7,3140.0,3054.6,3089.45
2016-11-11,BAJAJFINSV,EQ,3049.95,3117.45,2895.0,3021.85
2016-11-15,BAJAJFINSV,EQ,3030.05,3038.0,2784.95,2827.85
2016-11-16,BAJAJFINSV,EQ,2885.0,3037.0,2860.65,2924.45
2016-11-17,BAJAJFINSV,EQ,2952.95,3098.4,2883.65,2918.15
2016-11-18,BAJAJFINSV,EQ,2929.7,3016.05,2910.05,2943.2
2016-11-21,BAJAJFINSV,EQ,2998.7,3005.0,2783.0,2845.7
2016-11-22,BAJAJFINSV,EQ,2876.0,2928.7,2876.0,2901.55
2016-11-23,BAJAJFINSV,EQ,2938.0,2959.0,2875.8,2931.15
2016-11-24,BAJAJFINSV,EQ,2935.0,2975.5,2883.1,2949.45
2016-11-25,BAJAJFINSV,EQ,2979.0,3028.8,2940.0,2970.15
2016-11-28,BAJAJFINSV,EQ,2985.0,2997.4,2925.0,2941.9
2016-11-29,BAJAJFINSV,EQ,2951.0,2979.5,2928.95,2938.1
2016-11-30,BAJAJFINSV,EQ,2954.95,3005.0,2908.7,2990.0
2016-12-01,BAJAJFINSV,EQ,3009.0,3019.0,2930.25,2939.3
2016-12-02,BAJAJFINSV,EQ,2935.0,2999.0,2923.05,2977.65
2016-12-05,BAJAJFINSV,EQ,2990.0,3095.0,2980.0,3031.65
2016-12-06,BAJAJFINSV,EQ,3029.0,3044.0,2990.0,2999.0
2016-12-07,BAJAJFINSV,EQ,3020.0,3020.0,2946.1,2957.2
2016-12-08,BAJAJFINSV,EQ,2970.1,3000.25,2961.1,2995.4
2016-12-09,BAJAJFINSV,EQ,3009.9,3009.95,2983.0,2997.15
2016-12-12,BAJAJFINSV,EQ,2986.95,3048.0,2960.0,2975.25
2016-12-13,BAJAJFINSV,EQ,2989.85,3000.0,2836.0,2874.8
2016-12-14,BAJAJFINSV,EQ,2890.0,2892.4,2760.0,2775.75
2016-12-15,BAJAJFINSV,EQ,2760.0,2803.55,2700.0,2710.75
2016-12-16,BAJAJFINSV,EQ,2731.0,2851.05,2719.0,2829.8
2016-12-19,BAJAJFINSV,EQ,2834.8,2839.8,2725.0,2732.8
2016-12-20,BAJAJFINSV,EQ,2746.95,2773.95,2675.5,2694.65
2016-12-21,BAJAJFINSV,EQ,2709.9,2717.85,2650.0,2659.9
2016-12-22,BAJAJFINSV,EQ,2652.0,2652.0,2542.15,2550.1
2016-12-23,BAJAJFINSV,EQ,2555.0,2640.0,2541.3,2620.4
2016-12-26,BAJAJFINSV,EQ,2630.0,2637.95,2555.0,2617.85
2016-12-27,BAJAJFINSV,EQ,2625.0,2775.0,2606.0,2743.55
2016-12-28,BAJAJFINSV,EQ,2754.0,2820.0,2728.5,2800.75
2016-12-29,BAJAJFINSV,EQ,2825.0,2892.0,2812.0,2872.2
2016-12-30,BAJAJFINSV,EQ,2880.0,2942.0,2877.15,2894.85
2017-01-02,BAJAJFINSV,EQ,2898.0,2979.0,2858.8,2949.65
2017-01-03,BAJAJFINSV,EQ,2950.0,3045.0,2940.1,3016.65
2017-01-04,BAJAJFINSV,EQ,3020.05,3037.0,2947.6,2960.85
2017-01-05,BAJAJFINSV,EQ,2984.1,3024.0,2970.0,3018.45
2017-01-06,BAJAJFINSV,EQ,3018.0,3021.0,2968.0,2978.55
2017-01-09,BAJAJFINSV,EQ,2981.0,3024.95,2970.0,2992.65
2017-01-10,BAJAJFINSV,EQ,2996.0,3020.0,2990.0,3010.15
2017-01-11,BAJAJFINSV,EQ,3015.0,3027.15,2932.45,3018.5
2017-01-12,BAJAJFINSV,EQ,3019.0,3020.2,2990.1,3018.6
2017-01-13,BAJAJFINSV,EQ,3021.75,3021.75,2997.0,3019.6
2017-01-16,BAJAJFINSV,EQ,3018.0,3028.2,2993.5,3012.6
2017-01-17,BAJAJFINSV,EQ,3029.0,3029.9,3008.0,3019.7
2017-01-18,BAJAJFINSV,EQ,3011.0,3059.95,3011.0,3046.65
2017-01-19,BAJAJFINSV,EQ,3033.0,3175.0,3011.6,3154.75
2017-01-20,BAJAJFINSV,EQ,3140.0,3167.95,3027.6,3064.0
2017-01-23,BAJAJFINSV,EQ,3056.65,3082.05,3024.4,3063.45
2017-01-24,BAJAJFINSV,EQ,3089.9,3158.0,3080.0,3128.8
2017-01-25,BAJAJFINSV,EQ,3154.8,3175.0,3132.75,3169.7
2017-01-27,BAJAJFINSV,EQ,3160.0,3195.0,3160.0,3169.4
2017-01-30,BAJAJFINSV,EQ,3169.4,3246.55,3134.45,3205.45
2017-01-31,BAJAJFINSV,EQ,3262.0,3338.0,3212.55,3245.85
2017-02-01,BAJAJFINSV,EQ,3270.0,3347.0,3166.0,3328.4
2017-02-02,BAJAJFINSV,EQ,3335.0,3510.0,3280.0,3462.1
2017-02-03,BAJAJFINSV,EQ,3490.0,3500.0,3400.0,3419.95
2017-02-06,BAJAJFINSV,EQ,3452.0,3748.0,3429.1,3721.95
2017-02-07,BAJAJFINSV,EQ,3738.0,3777.8,3655.0,3691.25
2017-02-08,BAJAJFINSV,EQ,3700.0,3743.0,3605.0,3663.0
2017-02-09,BAJAJFINSV,EQ,3665.0,3704.75,3551.0,3577.0
2017-02-10,BAJAJFINSV,EQ,3590.0,3661.0,3565.0,3630.95
2017-02-13,BAJAJFINSV,EQ,3655.2,3685.0,3592.65,3637.25
2017-02-14,BAJAJFINSV,EQ,3639.9,3654.7,3572.6,3592.9
2017-02-15,BAJAJFINSV,EQ,3599.0,3690.0,3595.0,3628.35
2017-02-16,BAJAJFINSV,EQ,3628.35,3679.0,3628.35,3671.2
2017-02-17,BAJAJFINSV,EQ,3675.0,3698.95,3651.65,3685.5
2017-02-20,BAJAJFINSV,EQ,3670.0,3715.35,3622.85,3641.75
2017-02-21,BAJAJFINSV,EQ,3649.75,3649.75,3581.15,3624.1
2017-02-22,BAJAJFINSV,EQ,3638.0,3775.0,3630.4,3750.2
2017-02-23,BAJAJFINSV,EQ,3779.0,3907.95,3742.4,3847.2
2017-02-27,BAJAJFINSV,EQ,3847.2,3876.0,3752.0,3836.6
2017-02-28,BAJAJFINSV,EQ,3849.95,3980.0,3795.05,3914.15
2017-03-01,BAJAJFINSV,EQ,3969.0,4020.0,3895.95,3923.85
2017-03-02,BAJAJFINSV,EQ,3940.0,3959.95,3846.75,3875.5
2017-03-03,BAJAJFINSV,EQ,3846.7,3867.55,3740.0,3761.75
2017-03-06,BAJAJFINSV,EQ,3784.0,3849.0,3775.0,3817.7
2017-03-07,BAJAJFINSV,EQ,3839.0,3858.0,3781.0,3805.1
2017-03-08,BAJAJFINSV,EQ,3805.1,3862.0,3762.05,3832.05
2017-03-09,BAJAJFINSV,EQ,3811.0,3847.0,3776.0,3804.85
2017-03-10,BAJAJFINSV,EQ,3802.5,3844.0,3792.35,3826.05
2017-03-14,BAJAJFINSV,EQ,3900.0,3950.0,3840.7,3931.25
2017-03-15,BAJAJFINSV,EQ,3940.0,3978.0,3910.05,3938.65
2017-03-16,BAJAJFINSV,EQ,3950.1,4081.3,3950.0,4040.05
2017-03-17,BAJAJFINSV,EQ,4050.0,4060.0,3950.0,3969.1
2017-03-20,BAJAJFINSV,EQ,3970.0,3998.0,3942.4,3965.8
2017-03-21,BAJAJFINSV,EQ,3990.0,4089.0,3960.0,4057.45
2017-03-22,BAJAJFINSV,EQ,4025.0,4217.0,3966.0,4107.85
2017-03-23,BAJAJFINSV,EQ,4200.0,4200.1,4110.95,4148.5
2017-03-24,BAJAJFINSV,EQ,4120.0,4194.95,4106.5,4129.35
2017-03-27,BAJAJFINSV,EQ,4145.0,4190.0,4010.0,4044.8
2017-03-28,BAJAJFINSV,EQ,4065.0,4124.5,4060.7,4090.75
2017-03-29,BAJAJFINSV,EQ,4109.0,4120.0,4030.0,4062.65
2017-03-30,BAJAJFINSV,EQ,4078.0,4112.35,4040.0,4060.6
2017-03-31,BAJAJFINSV,EQ,4050.0,4120.0,4050.0,4098.4
2017-04-03,BAJAJFINSV,EQ,4098.4,4133.95,4065.0,4098.25
2017-04-05,BAJAJFINSV,EQ,4091.0,4167.45,4086.0,4128.8
2017-04-06,BAJAJFINSV,EQ,4128.8,4195.15,4106.25,4178.35
2017-04-07,BAJAJFINSV,EQ,4155.0,4290.05,4140.45,4226.2
2017-04-10,BAJAJFINSV,EQ,4241.0,4390.0,4233.35,4373.0
2017-04-11,BAJAJFINSV,EQ,4385.0,4455.0,4346.5,4374.85
2017-04-12,BAJAJFINSV,EQ,4389.7,4528.0,4380.0,4502.95
2017-04-13,BAJAJFINSV,EQ,4500.05,4659.7,4471.0,4611.9
2017-04-17,BAJAJFINSV,EQ,4647.9,4699.0,4472.0,4493.45
2017-04-18,BAJAJFINSV,EQ,4525.0,4565.0,4350.1,4369.4
2017-04-19,BAJAJFINSV,EQ,4374.3,4425.0,4325.0,4340.05
2017-04-20,BAJAJFINSV,EQ,4450.0,4450.05,4340.1,4355.4
2017-04-21,BAJAJFINSV,EQ,4394.0,4398.0,4287.3,4304.05
2017-04-24,BAJAJFINSV,EQ,4310.0,4388.0,4270.0,4371.75
2017-04-25,BAJAJFINSV,EQ,4390.0,4559.95,4375.1,4524.35
2017-04-26,BAJAJFINSV,EQ,4555.0,4575.0,4430.0,4534.2
2017-04-27,BAJAJFINSV,EQ,4534.0,4556.8,4480.0,4524.75
2017-04-28,BAJAJFINSV,EQ,4545.0,4750.0,4530.0,4575.65
2017-05-02,BAJAJFINSV,EQ,4580.75,4671.75,4520.0,4566.15
2017-05-03,BAJAJFINSV,EQ,4589.0,4650.0,4550.0,4562.9
2017-05-04,BAJAJFINSV,EQ,4599.0,4619.8,4560.0,4569.6
2017-05-05,BAJAJFINSV,EQ,4564.0,4589.0,4355.6,4428.4
2017-05-08,BAJAJFINSV,EQ,4448.7,4477.95,4391.6,4420.95
2017-05-09,BAJAJFINSV,EQ,4421.0,4455.0,4370.0,4378.45
2017-05-10,BAJAJFINSV,EQ,4400.0,4431.8,4356.0,4391.45
2017-05-11,BAJAJFINSV,EQ,4400.0,4528.95,4381.25,4495.8
2017-05-12,BAJAJFINSV,EQ,4510.0,4525.0,4365.0,4395.55
2017-05-15,BAJAJFINSV,EQ,4427.0,4589.95,4381.2,4550.95
2017-05-16,BAJAJFINSV,EQ,4584.0,4614.95,4525.0,4567.5
2017-05-17,BAJAJFINSV,EQ,4575.0,4610.0,4406.4,4486.75
2017-05-18,BAJAJFINSV,EQ,4405.0,4425.0,4300.05,4319.0
2017-05-19,BAJAJFINSV,EQ,4369.0,4385.35,4085.0,4169.9
2017-05-22,BAJAJFINSV,EQ,4200.5,4247.95,3950.0,3964.2
2017-05-23,BAJAJFINSV,EQ,3968.6,4025.0,3801.0,3983.05
2017-05-24,BAJAJFINSV,EQ,4016.9,4031.0,3931.1,3953.95
2017-05-25,BAJAJFINSV,EQ,3974.7,4015.0,3945.25,3997.1
2017-05-26,BAJAJFINSV,EQ,4021.0,4080.0,3965.0,4007.35
2017-05-29,BAJAJFINSV,EQ,4020.55,4066.0,3945.6,3998.05
2017-05-30,BAJAJFINSV,EQ,4000.0,4173.75,3942.0,4154.5
2017-05-31,BAJAJFINSV,EQ,4178.0,4220.0,4115.65,4192.0
2017-06-01,BAJAJFINSV,EQ,4141.0,4240.05,4141.0,4205.6
2017-06-02,BAJAJFINSV,EQ,4220.0,4321.85,4205.1,4305.8
2017-06-05,BAJAJFINSV,EQ,4339.0,4343.45,4298.0,4304.75
2017-06-06,BAJAJFINSV,EQ,4340.0,4340.05,4176.0,4244.1
2017-06-07,BAJAJFINSV,EQ,4274.95,4280.0,4181.2,4254.15
2017-06-08,BAJAJFINSV,EQ,4278.6,4310.0,4236.0,4280.0
2017-06-09,BAJAJFINSV,EQ,4299.0,4299.0,4190.9,4242.2
2017-06-12,BAJAJFINSV,EQ,4235.0,4235.0,4140.0,4152.65
2017-06-13,BAJAJFINSV,EQ,4174.0,4229.9,4152.65,4176.85
2017-06-14,BAJAJFINSV,EQ,4185.0,4194.9,4103.0,4128.4
2017-06-15,BAJAJFINSV,EQ,4130.0,4149.95,4070.0,4098.4
2017-06-16,BAJAJFINSV,EQ,4102.0,4255.0,4102.0,4199.7
2017-06-19,BAJAJFINSV,EQ,4230.2,4288.0,4162.65,4242.45
2017-06-20,BAJAJFINSV,EQ,4232.0,4287.95,4218.8,4264.4
2017-06-21,BAJAJFINSV,EQ,4265.0,4329.0,4248.1,4268.4
2017-06-22,BAJAJFINSV,EQ,4272.0,4315.0,4198.05,4220.0
2017-06-23,BAJAJFINSV,EQ,4222.7,4236.0,4089.55,4101.3
2017-06-27,BAJAJFINSV,EQ,4106.0,4117.45,3982.2,4036.05
2017-06-28,BAJAJFINSV,EQ,4025.0,4155.0,3950.0,4108.15
2017-06-29,BAJAJFINSV,EQ,4150.0,4168.7,4075.0,4098.75
2017-06-30,BAJAJFINSV,EQ,4100.0,4141.8,4052.25,4118.7
2017-07-03,BAJAJFINSV,EQ,4125.0,4168.6,4092.95,4130.7
2017-07-04,BAJAJFINSV,EQ,4149.0,4189.0,4105.4,4132.7
2017-07-05,BAJAJFINSV,EQ,4135.15,4174.0,4118.4,4149.25
2017-07-06,BAJAJFINSV,EQ,4162.0,4198.95,4120.2,4151.5
2017-07-07,BAJAJFINSV,EQ,4140.5,4153.3,4080.0,4115.9
2017-07-10,BAJAJFINSV,EQ,4116.1,4145.3,4090.7,4103.0
2017-07-11,BAJAJFINSV,EQ,4105.1,4142.2,4091.15,4123.2
2017-07-12,BAJAJFINSV,EQ,4093.0,4249.0,4093.0,4229.3
2017-07-13,BAJAJFINSV,EQ,4273.3,4373.55,4240.1,4364.55
2017-07-14,BAJAJFINSV,EQ,4400.0,4424.0,4328.15,4399.9
2017-07-17,BAJAJFINSV,EQ,4418.9,4483.35,4400.0,4446.3
2017-07-18,BAJAJFINSV,EQ,4450.15,4469.8,4394.0,4419.55
2017-07-19,BAJAJFINSV,EQ,4430.0,4595.95,4428.8,4564.5
2017-07-20,BAJAJFINSV,EQ,4595.0,4747.0,4527.7,4679.3
2017-07-21,BAJAJFINSV,EQ,4682.8,4975.0,4678.9,4910.4
2017-07-24,BAJAJFINSV,EQ,4950.0,5044.7,4905.0,4949.95
2017-07-25,BAJAJFINSV,EQ,4949.0,5001.0,4920.0,4958.5
2017-07-26,BAJAJFINSV,EQ,4949.0,4996.75,4925.0,4955.45
2017-07-27,BAJAJFINSV,EQ,4950.0,5098.0,4890.1,4934.45
2017-07-28,BAJAJFINSV,EQ,4896.95,5014.0,4890.0,4926.3
2017-07-31,BAJAJFINSV,EQ,4940.0,5009.75,4927.0,4991.85
2017-08-01,BAJAJFINSV,EQ,5025.0,5084.4,4990.0,5067.25
2017-08-02,BAJAJFINSV,EQ,5070.0,5100.0,4984.4,5002.35
2017-08-03,BAJAJFINSV,EQ,5027.7,5177.7,5010.0,5115.05
2017-08-04,BAJAJFINSV,EQ,5121.0,5341.8,5118.6,5308.15
2017-08-07,BAJAJFINSV,EQ,5310.8,5495.0,5310.8,5433.05
2017-08-08,BAJAJFINSV,EQ,5479.0,5479.9,5302.25,5336.1
2017-08-09,BAJAJFINSV,EQ,5336.0,5336.0,5076.0,5121.9
2017-08-10,BAJAJFINSV,EQ,5098.9,5174.95,4963.45,5024.75
2017-08-11,BAJAJFINSV,EQ,4990.0,5169.4,4913.0,4992.0
2017-08-14,BAJAJFINSV,EQ,5050.0,5245.0,5049.45,5222.05
2017-08-16,BAJAJFINSV,EQ,5269.0,5423.5,5169.75,5356.8
2017-08-17,BAJAJFINSV,EQ,5384.0,5456.5,5281.0,5304.45
2017-08-18,BAJAJFINSV,EQ,5296.95,5365.0,5201.05,5309.5
2017-08-21,BAJAJFINSV,EQ,5315.0,5360.0,5181.05,5216.85
2017-08-22,BAJAJFINSV,EQ,5250.0,5290.15,5176.05,5234.6
2017-08-23,BAJAJFINSV,EQ,5249.85,5375.0,5220.45,5351.3
2017-08-24,BAJAJFINSV,EQ,5399.8,5521.0,5304.05,5506.25
2017-08-28,BAJAJFINSV,EQ,5557.0,5630.0,5530.05,5578.0
2017-08-29,BAJAJFINSV,EQ,5575.0,5583.6,5425.5,5442.95
2017-08-30,BAJAJFINSV,EQ,5499.0,5586.95,5450.0,5489.65
2017-08-31,BAJAJFINSV,EQ,5490.0,5540.0,5455.55,5502.85
2017-09-01,BAJAJFINSV,EQ,5530.0,5573.0,5480.1,5495.3
2017-09-04,BAJAJFINSV,EQ,5495.0,5495.0,5345.05,5377.25
2017-09-05,BAJAJFINSV,EQ,5401.0,5444.4,5374.2,5395.9
2017-09-06,BAJAJFINSV,EQ,5389.9,5520.0,5352.3,5456.15
2017-09-07,BAJAJFINSV,EQ,5500.0,5650.0,5460.0,5623.8
2017-09-08,BAJAJFINSV,EQ,5665.0,5680.0,5550.0,5594.75
2017-09-11,BAJAJFINSV,EQ,5649.0,5790.0,5620.0,5733.3
2017-09-12,BAJAJFINSV,EQ,5786.0,5786.0,5660.0,5678.9
2017-09-13,BAJAJFINSV,EQ,5711.0,5788.3,5678.9,5723.35
2017-09-14,BAJAJFINSV,EQ,5775.0,5775.0,5660.1,5680.6
2017-09-15,BAJAJFINSV,EQ,5674.9,5720.0,5620.3,5674.55
2017-09-18,BAJAJFINSV,EQ,5690.0,5725.0,5607.3,5626.45
2017-09-19,BAJAJFINSV,EQ,5640.0,5673.8,5600.0,5651.25
2017-09-20,BAJAJFINSV,EQ,5670.0,5675.0,5587.95,5602.9
2017-09-21,BAJAJFINSV,EQ,5606.0,5620.0,5442.3,5486.3
2017-09-22,BAJAJFINSV,EQ,5440.1,5459.0,5200.0,5231.65
2017-09-25,BAJAJFINSV,EQ,5230.0,5234.8,5001.75,5110.6
2017-09-26,BAJAJFINSV,EQ,5100.0,5255.05,5005.0,5170.5
2017-09-27,BAJAJFINSV,EQ,5220.0,5238.1,5045.0,5071.35
2017-09-28,BAJAJFINSV,EQ,5070.0,5131.4,5022.15,5043.75
2017-09-29,BAJAJFINSV,EQ,5099.0,5246.0,5062.6,5154.45
2017-10-03,BAJAJFINSV,EQ,5210.0,5344.85,5141.0,5325.45
2017-10-04,BAJAJFINSV,EQ,5348.0,5348.0,5250.0,5274.5
2017-10-05,BAJAJFINSV,EQ,5299.0,5326.0,5209.3,5258.7
2017-10-06,BAJAJFINSV,EQ,5285.0,5354.0,5245.55,5297.95
2017-10-09,BAJAJFINSV,EQ,5318.85,5367.65,5290.0,5305.8
2017-10-10,BAJAJFINSV,EQ,5355.0,5360.0,5306.8,5333.65
2017-10-11,BAJAJFINSV,EQ,5365.0,5448.8,5250.05,5301.2
2017-10-12,BAJAJFINSV,EQ,5309.95,5403.0,5290.0,5392.15
2017-10-13,BAJAJFINSV,EQ,5415.0,5448.0,5360.0,5375.25
2017-10-16,BAJAJFINSV,EQ,5429.0,5436.6,5315.2,5354.3
2017-10-17,BAJAJFINSV,EQ,5380.0,5414.65,5307.75,5356.75
2017-10-18,BAJAJFINSV,EQ,5379.8,5379.8,4827.1,5315.05
2017-10-19,BAJAJFINSV,EQ,5343.0,5343.0,5250.0,5306.1
2017-10-23,BAJAJFINSV,EQ,5275.0,5327.0,5235.0,5287.3
2017-10-24,BAJAJFINSV,EQ,5331.0,5335.0,5243.05,5252.8
2017-10-25,BAJAJFINSV,EQ,5278.0,5376.0,4906.2,4997.0
2017-10-26,BAJAJFINSV,EQ,4990.0,5067.0,4885.2,4982.0
2017-10-27,BAJAJFINSV,EQ,4988.8,5089.25,4988.8,5033.95
2017-10-30,BAJAJFINSV,EQ,5064.0,5075.0,4971.95,4994.85
2017-10-31,BAJAJFINSV,EQ,5015.0,5158.75,4881.0,5010.35
2017-11-01,BAJAJFINSV,EQ,5050.0,5099.0,5000.0,5022.6
2017-11-02,BAJAJFINSV,EQ,5068.0,5068.0,4970.0,4982.15
2017-11-03,BAJAJFINSV,EQ,4989.0,5082.2,4965.0,5032.6
2017-11-06,BAJAJFINSV,EQ,5030.0,5050.0,4992.0,5009.6
2017-11-07,BAJAJFINSV,EQ,5038.0,5038.0,4955.0,4981.0
2017-11-08,BAJAJFINSV,EQ,5005.0,5044.45,4950.0,5022.7
2017-11-09,BAJAJFINSV,EQ,5005.1,5094.0,4991.4,5006.75
2017-11-10,BAJAJFINSV,EQ,5021.0,5075.25,4990.0,5027.45
2017-11-13,BAJAJFINSV,EQ,5028.0,5050.0,4962.6,4998.35
2017-11-14,BAJAJFINSV,EQ,4978.35,5059.0,4964.5,5014.4
2017-11-15,BAJAJFINSV,EQ,5024.85,5049.0,4850.0,4902.65
2017-11-16,BAJAJFINSV,EQ,4949.0,5009.35,4905.05,4984.75
2017-11-17,BAJAJFINSV,EQ,5030.0,5195.65,5015.05,5129.75
2017-11-20,BAJAJFINSV,EQ,5156.8,5215.0,5144.1,5173.55
2017-11-21,BAJAJFINSV,EQ,5200.0,5244.0,5115.0,5206.2
2017-11-22,BAJAJFINSV,EQ,5206.0,5221.0,5150.0,5176.35
2017-11-23,BAJAJFINSV,EQ,5188.0,5189.0,5101.0,5133.6
2017-11-24,BAJAJFINSV,EQ,5141.1,5191.0,5123.65,5160.6
2017-11-27,BAJAJFINSV,EQ,5159.0,5159.95,5121.0,5151.85
2017-11-28,BAJAJFINSV,EQ,5145.05,5274.8,5122.65,5240.2
2017-11-29,BAJAJFINSV,EQ,5260.0,5349.0,5224.85,5305.6
2017-11-30,BAJAJFINSV,EQ,5251.5,5290.0,5151.0,5214.1
2017-12-01,BAJAJFINSV,EQ,5213.75,5282.25,5060.0,5098.85
2017-12-04,BAJAJFINSV,EQ,5100.0,5137.0,5005.0,5056.8
2017-12-05,BAJAJFINSV,EQ,5051.05,5084.3,4982.8,5003.65
2017-12-06,BAJAJFINSV,EQ,4970.05,5032.95,4905.0,4964.65
2017-12-07,BAJAJFINSV,EQ,4940.0,5093.0,4940.0,5070.2
2017-12-08,BAJAJFINSV,EQ,5090.0,5147.7,5070.2,5125.1
2017-12-11,BAJAJFINSV,EQ,5159.0,5159.0,5059.65,5106.3
2017-12-12,BAJAJFINSV,EQ,5120.0,5129.0,5073.5,5109.7
2017-12-13,BAJAJFINSV,EQ,5114.85,5125.0,5001.15,5056.15
2017-12-14,BAJAJFINSV,EQ,5000.0,5132.0,5000.0,5116.25
2017-12-15,BAJAJFINSV,EQ,5160.0,5187.5,5111.5,5170.35
2017-12-18,BAJAJFINSV,EQ,5050.0,5233.8,5004.05,5210.6
2017-12-19,BAJAJFINSV,EQ,5255.0,5288.0,5201.2,5279.5
2017-12-20,BAJAJFINSV,EQ,5288.0,5340.0,5271.0,5312.7
2017-12-21,BAJAJFINSV,EQ,5340.0,5370.0,5315.1,5353.35
2017-12-22,BAJAJFINSV,EQ,5316.0,5444.9,5316.0,5428.15
2017-12-26,BAJAJFINSV,EQ,5431.9,5435.0,5355.0,5403.55
2017-12-27,BAJAJFINSV,EQ,5411.0,5418.8,5280.8,5326.3
2017-12-28,BAJAJFINSV,EQ,5291.0,5357.0,5266.35,5305.75
2017-12-29,BAJAJFINSV,EQ,5280.05,5330.0,5185.25,5230.4
2018-01-01,BAJAJFINSV,EQ,5208.0,5308.75,5151.6,5171.85
2018-01-02,BAJAJFINSV,EQ,5199.9,5229.0,5047.75,5101.1
2018-01-03,BAJAJFINSV,EQ,5139.35,5179.8,5088.8,5099.45
2018-01-04,BAJAJFINSV,EQ,5120.0,5135.0,5051.0,5062.55
2018-01-05,BAJAJFINSV,EQ,5098.8,5144.95,5076.1,5127.2
2018-01-08,BAJAJFINSV,EQ,5170.0,5253.0,5146.15,5221.25
2018-01-09,BAJAJFINSV,EQ,5230.0,5242.4,5105.0,5156.4
2018-01-10,BAJAJFINSV,EQ,5160.0,5272.6,5130.0,5199.55
2018-01-11,BAJAJFINSV,EQ,5198.0,5198.0,5135.0,5146.4
2018-01-12,BAJAJFINSV,EQ,5146.4,5170.0,5032.0,5057.3
2018-01-15,BAJAJFINSV,EQ,5052.0,5105.2,5001.1,5010.35
2018-01-16,BAJAJFINSV,EQ,5039.0,5060.0,4935.0,4956.8
2018-01-17,BAJAJFINSV,EQ,4950.0,5012.0,4890.4,4964.9
2018-01-18,BAJAJFINSV,EQ,5007.0,5045.0,4884.5,4922.6
2018-01-19,BAJAJFINSV,EQ,4920.0,5021.0,4842.35,4973.05
2018-01-22,BAJAJFINSV,EQ,5000.0,5064.95,4951.0,5051.45
2018-01-23,BAJAJFINSV,EQ,5042.0,5089.0,4987.6,5014.6
2018-01-24,BAJAJFINSV,EQ,5015.0,5072.8,4949.0,5014.45
2018-01-25,BAJAJFINSV,EQ,5025.0,5070.0,4900.0,4933.05
2018-01-29,BAJAJFINSV,EQ,4949.5,5010.0,4899.0,4912.4
2018-01-30,BAJAJFINSV,EQ,4925.0,4939.0,4860.0,4875.65
2018-01-31,BAJAJFINSV,EQ,4861.0,4863.45,4736.45,4812.35
2018-02-01,BAJAJFINSV,EQ,4811.05,5080.0,4770.0,5038.4
2018-02-02,BAJAJFINSV,EQ,5001.0,5148.1,4890.95,4935.75
2018-02-05,BAJAJFINSV,EQ,4810.0,4994.9,4763.05,4918.0
2018-02-06,BAJAJFINSV,EQ,4500.0,4949.0,4500.0,4904.6
2018-02-07,BAJAJFINSV,EQ,5009.0,5056.0,4927.55,5012.05
2018-02-08,BAJAJFINSV,EQ,5000.0,5174.0,4975.0,5057.25
2018-02-09,BAJAJFINSV,EQ,4989.9,5088.0,4961.2,5059.35
2018-02-12,BAJAJFINSV,EQ,5096.3,5244.0,5042.8,5235.45
2018-02-14,BAJAJFINSV,EQ,5260.0,5350.0,5152.3,5189.0
2018-02-15,BAJAJFINSV,EQ,5200.0,5291.0,5112.05,5130.35
2018-02-16,BAJAJFINSV,EQ,5168.85,5199.8,5030.0,5058.25
2018-02-19,BAJAJFINSV,EQ,5095.0,5119.85,4970.0,5000.75
2018-02-20,BAJAJFINSV,EQ,5030.0,5049.0,4976.2,5014.3
2018-02-21,BAJAJFINSV,EQ,5040.0,5050.25,4955.1,4973.45
2018-02-22,BAJAJFINSV,EQ,4989.0,5030.0,4925.15,4951.85
2018-02-23,BAJAJFINSV,EQ,4943.15,5057.0,4940.0,5019.65
2018-02-26,BAJAJFINSV,EQ,5051.0,5260.0,5030.05,5192.95
2018-02-27,BAJAJFINSV,EQ,5208.0,5227.5,5101.1,5121.35
2018-02-28,BAJAJFINSV,EQ,5090.0,5131.8,5030.2,5051.7
2018-03-01,BAJAJFINSV,EQ,5052.0,5087.9,4986.0,4999.4
2018-03-05,BAJAJFINSV,EQ,4999.4,5067.6,4952.2,5037.45
2018-03-06,BAJAJFINSV,EQ,5075.5,5097.95,4955.0,4980.65
2018-03-07,BAJAJFINSV,EQ,4980.0,4980.0,4806.0,4836.15
2018-03-08,BAJAJFINSV,EQ,4863.95,4889.0,4800.0,4864.6
2018-03-09,BAJAJFINSV,EQ,4893.4,4990.0,4845.0,4966.25
2018-03-12,BAJAJFINSV,EQ,5002.5,5077.85,4967.2,5040.05
2018-03-13,BAJAJFINSV,EQ,5039.0,5119.95,5016.6,5098.4
2018-03-14,BAJAJFINSV,EQ,5090.0,5134.4,5053.45,5111.6
2018-03-15,BAJAJFINSV,EQ,5111.5,5140.05,5020.05,5034.5
2018-03-16,BAJAJFINSV,EQ,4971.6,5085.0,4971.6,5011.35
2018-03-19,BAJAJFINSV,EQ,5020.0,5049.95,4932.25,4963.45
2018-03-20,BAJAJFINSV,EQ,4945.0,5090.0,4942.55,5080.85
2018-03-21,BAJAJFINSV,EQ,5090.0,5149.85,5090.0,5131.5
2018-03-22,BAJAJFINSV,EQ,5100.0,5135.45,5090.0,5119.85
2018-03-23,BAJAJFINSV,EQ,5058.9,5151.7,5040.0,5126.7
2018-03-26,BAJAJFINSV,EQ,5128.0,5187.85,5063.15,5151.05
2018-03-27,BAJAJFINSV,EQ,5180.0,5278.45,5111.0,5258.95
2018-03-28,BAJAJFINSV,EQ,5230.0,5299.0,5021.55,5171.55
2018-04-02,BAJAJFINSV,EQ,5075.0,5295.0,5071.15,5267.4
2018-04-03,BAJAJFINSV,EQ,5269.0,5418.45,5232.6,5381.6
2018-04-04,BAJAJFINSV,EQ,5420.0,5445.6,5202.8,5228.55
2018-04-05,BAJAJFINSV,EQ,5333.0,5500.0,5315.0,5443.85
2018-04-06,BAJAJFINSV,EQ,5463.3,5513.95,5415.05,5484.25
2018-04-09,BAJAJFINSV,EQ,5488.0,5579.0,5454.55,5561.3
2018-04-10,BAJAJFINSV,EQ,5581.05,5585.95,5394.95,5412.9
2018-04-11,BAJAJFINSV,EQ,5439.05,5473.9,5340.0,5420.2
2018-04-12,BAJAJFINSV,EQ,5425.0,5454.0,5365.25,5420.75
2018-04-13,BAJAJFINSV,EQ,5438.0,5442.0,5293.55,5316.8
2018-04-16,BAJAJFINSV,EQ,5320.0,5397.0,5309.95,5386.15
2018-04-17,BAJAJFINSV,EQ,5410.0,5449.8,5390.0,5426.1
2018-04-18,BAJAJFINSV,EQ,5435.0,5456.9,5354.8,5371.85
2018-04-19,BAJAJFINSV,EQ,5375.1,5412.0,5360.05,5385.2
2018-04-20,BAJAJFINSV,EQ,5370.0,5389.9,5265.0,5286.35
2018-04-23,BAJAJFINSV,EQ,5298.85,5348.85,5256.65,5294.0
2018-04-24,BAJAJFINSV,EQ,5300.0,5454.0,5300.0,5427.65
2018-04-25,BAJAJFINSV,EQ,5443.0,5497.55,5381.25,5434.3
2018-04-26,BAJAJFINSV,EQ,5435.1,5479.5,5315.2,5339.25
2018-04-27,BAJAJFINSV,EQ,5358.0,5468.0,5358.0,5435.25
2018-04-30,BAJAJFINSV,EQ,5459.0,5534.9,5401.1,5482.6
2018-05-02,BAJAJFINSV,EQ,5480.0,5531.0,5394.0,5436.9
2018-05-03,BAJAJFINSV,EQ,5460.0,5470.0,5370.0,5402.05
2018-05-04,BAJAJFINSV,EQ,5402.0,5423.1,5318.2,5348.05
2018-05-07,BAJAJFINSV,EQ,5400.0,5429.85,5320.15,5401.3
2018-05-08,BAJAJFINSV,EQ,5410.0,5439.0,5320.0,5340.7
2018-05-09,BAJAJFINSV,EQ,5341.0,5394.0,5312.1,5349.5
2018-05-10,BAJAJFINSV,EQ,5355.0,5382.0,5225.0,5237.95
2018-05-11,BAJAJFINSV,EQ,5275.0,5364.75,5250.1,5345.45
2018-05-14,BAJAJFINSV,EQ,5343.7,5405.0,5320.55,5386.45
2018-05-15,BAJAJFINSV,EQ,5320.0,5439.3,5319.15,5397.5
2018-05-16,BAJAJFINSV,EQ,5350.0,5369.9,5301.0,5319.2
2018-05-17,BAJAJFINSV,EQ,5370.0,5608.95,5282.0,5569.25
2018-05-18,BAJAJFINSV,EQ,5578.95,5824.0,5465.0,5729.8
2018-05-21,BAJAJFINSV,EQ,5735.0,5775.0,5620.8,5722.05
2018-05-22,BAJAJFINSV,EQ,5715.0,6020.0,5682.15,5971.8
2018-05-23,BAJAJFINSV,EQ,5949.0,5960.0,5770.0,5790.05
2018-05-24,BAJAJFINSV,EQ,5820.0,5875.0,5703.7,5826.4
2018-05-25,BAJAJFINSV,EQ,5864.0,6097.3,5850.0,6071.7
2018-05-28,BAJAJFINSV,EQ,6080.0,6121.0,5980.15,6009.35
2018-05-29,BAJAJFINSV,EQ,6009.35,6055.0,5865.1,5887.85
2018-05-30,BAJAJFINSV,EQ,5848.65,5995.3,5815.0,5958.85
2018-05-31,BAJAJFINSV,EQ,5995.0,6156.9,5930.8,6042.25
2018-06-01,BAJAJFINSV,EQ,6069.0,6069.0,5850.0,5882.2
2018-06-04,BAJAJFINSV,EQ,5802.25,5914.4,5730.0,5748.55
2018-06-05,BAJAJFINSV,EQ,5779.95,5818.0,5682.6,5770.95
2018-06-06,BAJAJFINSV,EQ,5807.0,5929.9,5777.35,5914.75
2018-06-07,BAJAJFINSV,EQ,5939.0,6040.0,5907.05,6014.25
2018-06-08,BAJAJFINSV,EQ,5997.8,6047.4,5926.0,6025.5
2018-06-11,BAJAJFINSV,EQ,6015.0,6148.0,5993.1,6068.95
2018-06-12,BAJAJFINSV,EQ,6120.0,6120.0,6045.3,6078.55
2018-06-13,BAJAJFINSV,EQ,6078.0,6108.0,6015.1,6074.8
2018-06-14,BAJAJFINSV,EQ,6070.0,6070.0,5991.3,6028.0
2018-06-15,BAJAJFINSV,EQ,6025.0,6033.25,5930.35,5979.1
2018-06-18,BAJAJFINSV,EQ,5965.9,6073.25,5962.6,5995.75
2018-06-19,BAJAJFINSV,EQ,5975.0,5991.75,5901.0,5913.2
2018-06-20,BAJAJFINSV,EQ,5936.95,5969.9,5908.55,5947.55
2018-06-21,BAJAJFINSV,EQ,5959.0,6034.0,5950.6,5991.55
2018-06-22,BAJAJFINSV,EQ,5999.55,6190.0,5991.0,6176.5
2018-06-25,BAJAJFINSV,EQ,6200.0,6293.6,6146.0,6165.65
2018-06-26,BAJAJFINSV,EQ,6174.9,6207.5,6061.0,6084.35
2018-06-27,BAJAJFINSV,EQ,6089.0,6119.0,5940.0,5975.1
2018-06-28,BAJAJFINSV,EQ,5980.0,5980.0,5760.05,5848.0
2018-06-29,BAJAJFINSV,EQ,5870.0,5932.7,5808.0,5821.1
2018-07-02,BAJAJFINSV,EQ,5860.0,5880.0,5750.45,5778.3
2018-07-03,BAJAJFINSV,EQ,5777.8,5899.0,5759.8,5885.2
2018-07-04,BAJAJFINSV,EQ,5897.0,6049.0,5877.9,6032.85
2018-07-05,BAJAJFINSV,EQ,6045.0,6133.45,6045.0,6069.0
2018-07-06,BAJAJFINSV,EQ,6080.0,6159.85,6000.0,6058.55
2018-07-09,BAJAJFINSV,EQ,6090.0,6165.0,6052.65,6124.7
2018-07-10,BAJAJFINSV,EQ,6160.0,6215.0,6126.25,6199.8
2018-07-11,BAJAJFINSV,EQ,6198.0,6198.0,6101.75,6114.25
2018-07-12,BAJAJFINSV,EQ,6125.0,6290.0,6120.05,6261.3
2018-07-13,BAJAJFINSV,EQ,6297.9,6348.0,6248.0,6324.45
2018-07-16,BAJAJFINSV,EQ,6330.0,6350.6,6216.0,6247.85
2018-07-17,BAJAJFINSV,EQ,6225.0,6367.0,6212.45,6346.05
2018-07-18,BAJAJFINSV,EQ,6390.0,6430.0,6345.0,6365.7
2018-07-19,BAJAJFINSV,EQ,6377.0,6377.0,6120.45,6296.9
2018-07-20,BAJAJFINSV,EQ,6319.0,6782.0,6200.0,6663.95
2018-07-23,BAJAJFINSV,EQ,6631.0,6990.0,6631.0,6923.1
2018-07-24,BAJAJFINSV,EQ,6948.0,6948.0,6771.1,6827.7
2018-07-25,BAJAJFINSV,EQ,6850.0,7080.0,6835.4,6949.5
2018-07-26,BAJAJFINSV,EQ,6959.0,7088.0,6951.4,7035.3
2018-07-27,BAJAJFINSV,EQ,7098.65,7100.0,6893.55,6927.2
2018-07-30,BAJAJFINSV,EQ,6964.0,6978.65,6861.05,6895.85
2018-07-31,BAJAJFINSV,EQ,6922.0,7015.0,6855.0,6977.3
2018-08-01,BAJAJFINSV,EQ,7039.7,7173.2,6941.0,6990.15
2018-08-02,BAJAJFINSV,EQ,7037.95,7039.0,6890.0,6903.35
2018-08-03,BAJAJFINSV,EQ,6960.0,6983.95,6879.15,6943.15
2018-08-06,BAJAJFINSV,EQ,6985.0,6995.0,6908.0,6919.05
2018-08-07,BAJAJFINSV,EQ,6933.0,7020.0,6905.6,6994.2
2018-08-08,BAJAJFINSV,EQ,7038.0,7099.9,6980.05,7051.6
2018-08-09,BAJAJFINSV,EQ,7051.6,7120.0,7000.0,7075.1
2018-08-10,BAJAJFINSV,EQ,7072.7,7134.65,6996.35,7083.85
2018-08-13,BAJAJFINSV,EQ,7029.25,7076.35,6928.8,6945.45
2018-08-14,BAJAJFINSV,EQ,6955.0,7130.45,6955.0,7112.7
2018-08-16,BAJAJFINSV,EQ,7090.0,7200.0,7046.1,7076.0
2018-08-17,BAJAJFINSV,EQ,7125.0,7169.0,7075.0,7097.35
2018-08-20,BAJAJFINSV,EQ,7129.0,7159.9,7050.0,7063.6
2018-08-21,BAJAJFINSV,EQ,7104.0,7130.0,7012.2,7116.6
2018-08-23,BAJAJFINSV,EQ,7170.0,7185.0,7075.1,7092.1
2018-08-24,BAJAJFINSV,EQ,7092.0,7129.0,7025.25,7050.65
2018-08-27,BAJAJFINSV,EQ,7089.2,7112.45,7014.05,7030.15
2018-08-28,BAJAJFINSV,EQ,7074.0,7074.0,6935.95,6971.45
2018-08-29,BAJAJFINSV,EQ,6975.0,7042.0,6900.5,6968.55
2018-08-30,BAJAJFINSV,EQ,6969.0,6993.7,6900.0,6929.9
2018-08-31,BAJAJFINSV,EQ,6940.0,6968.4,6725.0,6747.8
2018-09-03,BAJAJFINSV,EQ,6770.0,6840.0,6625.0,6652.9
2018-09-04,BAJAJFINSV,EQ,6660.0,6673.8,6480.05,6508.2
2018-09-05,BAJAJFINSV,EQ,6500.0,6559.15,6401.0,6503.05
2018-09-06,BAJAJFINSV,EQ,6520.0,6574.9,6458.9,6547.3
2018-09-07,BAJAJFINSV,EQ,6600.0,6639.3,6505.0,6600.1
2018-09-10,BAJAJFINSV,EQ,6580.0,6581.0,6315.0,6347.45
2018-09-11,BAJAJFINSV,EQ,6351.1,6479.2,6252.0,6362.15
2018-09-12,BAJAJFINSV,EQ,6351.0,6474.0,6320.0,6412.95
2018-09-14,BAJAJFINSV,EQ,6479.0,6799.0,6402.0,6709.65
2018-09-17,BAJAJFINSV,EQ,6691.2,6699.95,6530.0,6549.95
2018-09-18,BAJAJFINSV,EQ,6570.0,6635.6,6495.0,6527.6
2018-09-19,BAJAJFINSV,EQ,6555.0,6580.0,6281.05,6312.05
2018-09-21,BAJAJFINSV,EQ,6362.0,6445.0,5366.0,6259.7
2018-09-24,BAJAJFINSV,EQ,6305.6,6307.0,6007.85,6067.65
2018-09-25,BAJAJFINSV,EQ,6060.0,6250.0,5932.05,6185.65
2018-09-26,BAJAJFINSV,EQ,6207.0,6289.0,6188.0,6212.55
2018-09-27,BAJAJFINSV,EQ,6219.0,6240.0,5955.1,5979.8
2018-09-28,BAJAJFINSV,EQ,5987.0,6059.5,5885.0,6006.2
2018-10-01,BAJAJFINSV,EQ,6000.0,6040.0,5771.0,5881.85
2018-10-03,BAJAJFINSV,EQ,5908.0,5949.0,5701.0,5752.5
2018-10-04,BAJAJFINSV,EQ,5660.0,5730.0,5524.75,5632.1
2018-10-05,BAJAJFINSV,EQ,5614.0,5721.0,5222.9,5375.65
2018-10-08,BAJAJFINSV,EQ,5350.0,5500.0,5230.4,5395.55
2018-10-09,BAJAJFINSV,EQ,5412.0,5580.0,5275.3,5429.1
2018-10-10,BAJAJFINSV,EQ,5455.0,6014.0,5430.0,5961.5
2018-10-11,BAJAJFINSV,EQ,5685.0,5775.0,5551.0,5592.0
2018-10-12,BAJAJFINSV,EQ,5698.5,5910.2,5680.1,5813.55
2018-10-15,BAJAJFINSV,EQ,5815.0,5815.0,5611.0,5634.25
2018-10-16,BAJAJFINSV,EQ,5657.0,5749.95,5565.55,5657.1
2018-10-17,BAJAJFINSV,EQ,5700.0,5740.0,5350.0,5380.25
2018-10-19,BAJAJFINSV,EQ,5370.0,5514.05,5240.05,5419.2
2018-10-22,BAJAJFINSV,EQ,5470.0,5511.0,5206.5,5250.2
2018-10-23,BAJAJFINSV,EQ,5250.0,5285.0,5055.0,5167.75
2018-10-24,BAJAJFINSV,EQ,5200.0,5448.5,4955.0,5391.45
2018-10-25,BAJAJFINSV,EQ,5299.0,5462.05,5257.25,5367.65
2018-10-26,BAJAJFINSV,EQ,5380.0,5434.0,5258.0,5399.2
2018-10-29,BAJAJFINSV,EQ,5415.0,5491.05,5353.2,5409.85
2018-10-30,BAJAJFINSV,EQ,5420.0,5455.0,5322.55,5391.15
2018-10-31,BAJAJFINSV,EQ,5413.0,5436.0,5241.0,5404.65
2018-11-01,BAJAJFINSV,EQ,5420.0,5467.0,5370.65,5386.5
2018-11-02,BAJAJFINSV,EQ,5395.0,5623.8,5395.0,5525.3
2018-11-05,BAJAJFINSV,EQ,5560.0,5653.3,5501.65,5569.6
2018-11-06,BAJAJFINSV,EQ,5598.8,5689.8,5564.95,5591.0
2018-11-07,BAJAJFINSV,EQ,5645.0,5645.0,5600.0,5628.2
2018-11-09,BAJAJFINSV,EQ,5680.0,5725.0,5595.65,5701.4
2018-11-12,BAJAJFINSV,EQ,5705.0,5783.0,5516.5,5549.1
2018-11-13,BAJAJFINSV,EQ,5541.0,5609.35,5536.05,5571.7
2018-11-14,BAJAJFINSV,EQ,5606.0,5648.0,5560.0,5577.65
2018-11-15,BAJAJFINSV,EQ,5578.9,5685.0,5578.9,5597.1
2018-11-16,BAJAJFINSV,EQ,5640.0,5730.0,5612.7,5695.65
2018-11-19,BAJAJFINSV,EQ,5720.0,5765.0,5650.0,5725.95
2018-11-20,BAJAJFINSV,EQ,5715.0,5764.7,5648.0,5688.55
2018-11-21,BAJAJFINSV,EQ,5690.0,5872.6,5690.0,5851.95
2018-11-22,BAJAJFINSV,EQ,5870.0,5926.25,5700.0,5723.05
2018-11-26,BAJAJFINSV,EQ,5730.2,5824.8,5684.5,5737.9
2018-11-27,BAJAJFINSV,EQ,5740.0,5910.0,5730.0,5880.35
2018-11-28,BAJAJFINSV,EQ,5910.0,5917.1,5792.55,5818.45
2018-11-29,BAJAJFINSV,EQ,5850.0,6050.0,5843.0,6010.75
2018-11-30,BAJAJFINSV,EQ,6019.7,6100.0,5960.0,5994.35
2018-12-03,BAJAJFINSV,EQ,6060.0,6088.35,5975.05,5999.3
2018-12-04,BAJAJFINSV,EQ,6020.0,6090.0,6004.35,6070.2
2018-12-05,BAJAJFINSV,EQ,6070.0,6070.0,5838.75,5902.5
2018-12-06,BAJAJFINSV,EQ,5902.0,5910.0,5631.55,5667.5
2018-12-07,BAJAJFINSV,EQ,5708.4,5875.55,5668.5,5849.9
2018-12-10,BAJAJFINSV,EQ,5612.0,5788.0,5612.0,5693.95
2018-12-11,BAJAJFINSV,EQ,5643.0,5870.0,5623.1,5827.15
2018-12-12,BAJAJFINSV,EQ,5851.0,6023.6,5851.0,5989.0
2018-12-13,BAJAJFINSV,EQ,6050.0,6228.0,6020.1,6159.4
2018-12-14,BAJAJFINSV,EQ,6179.9,6208.2,6101.3,6177.65
2018-12-17,BAJAJFINSV,EQ,6175.05,6199.0,6050.0,6087.8
2018-12-18,BAJAJFINSV,EQ,6090.0,6165.0,6076.7,6152.65
2018-12-19,BAJAJFINSV,EQ,6190.0,6425.0,6188.1,6405.45
2018-12-20,BAJAJFINSV,EQ,6330.05,6421.0,6302.15,6404.95
2018-12-21,BAJAJFINSV,EQ,6447.0,6500.0,6296.1,6360.1
2018-12-24,BAJAJFINSV,EQ,6360.75,6393.95,6260.0,6274.45
2018-12-26,BAJAJFINSV,EQ,6272.0,6465.0,6150.0,6439.05
2018-12-27,BAJAJFINSV,EQ,6500.0,6550.0,6350.0,6405.05
2018-12-28,BAJAJFINSV,EQ,6424.0,6530.0,6412.6,6502.9
2018-12-31,BAJAJFINSV,EQ,6548.0,6591.2,6436.2,6476.95
2019-01-01,BAJAJFINSV,EQ,6515.0,6530.0,6418.0,6521.95
2019-01-02,BAJAJFINSV,EQ,6475.0,6526.0,6360.0,6384.0
2019-01-03,BAJAJFINSV,EQ,6439.0,6479.9,6331.65,6383.3
2019-01-04,BAJAJFINSV,EQ,6419.95,6460.0,6357.0,6410.45
2019-01-07,BAJAJFINSV,EQ,6450.5,6500.0,6385.0,6407.15
2019-01-08,BAJAJFINSV,EQ,6430.0,6460.0,6355.0,6443.05
2019-01-09,BAJAJFINSV,EQ,6460.0,6476.0,6365.0,6399.1
2019-01-10,BAJAJFINSV,EQ,6425.0,6430.0,6337.7,6371.95
2019-01-11,BAJAJFINSV,EQ,6355.0,6389.9,6291.0,6371.65
2019-01-14,BAJAJFINSV,EQ,6388.9,6388.9,6265.0,6368.8
2019-01-15,BAJAJFINSV,EQ,6385.0,6524.0,6380.0,6509.7
2019-01-16,BAJAJFINSV,EQ,6500.0,6535.0,6440.4,6464.85
2019-01-17,BAJAJFINSV,EQ,6466.0,6485.0,6336.05,6359.0
2019-01-18,BAJAJFINSV,EQ,6366.1,6379.95,6230.0,6249.9
2019-01-21,BAJAJFINSV,EQ,6253.85,6400.0,6211.1,6384.55
2019-01-22,BAJAJFINSV,EQ,6377.0,6447.05,6350.0,6435.55
2019-01-23,BAJAJFINSV,EQ,6429.85,6528.0,6405.0,6493.15
2019-01-24,BAJAJFINSV,EQ,6515.0,6517.5,6382.05,6407.3
2019-01-25,BAJAJFINSV,EQ,6479.9,6479.9,6286.95,6321.55
2019-01-28,BAJAJFINSV,EQ,6335.0,6352.8,5948.8,6050.9
2019-01-29,BAJAJFINSV,EQ,6015.0,6295.0,5951.0,6233.05
2019-01-30,BAJAJFINSV,EQ,6295.0,6368.8,6200.35,6247.2
2019-01-31,BAJAJFINSV,EQ,6244.2,6268.9,6050.0,6091.9
2019-02-01,BAJAJFINSV,EQ,6123.9,6250.0,6055.0,6096.95
2019-02-04,BAJAJFINSV,EQ,6110.85,6122.0,5995.65,6009.2
2019-02-05,BAJAJFINSV,EQ,6019.95,6064.0,5969.0,6017.1
2019-02-06,BAJAJFINSV,EQ,6059.0,6231.0,6048.8,6208.65
2019-02-07,BAJAJFINSV,EQ,6219.95,6288.95,6200.0,6253.1
2019-02-08,BAJAJFINSV,EQ,6254.6,6294.45,6150.95,6182.7
2019-02-11,BAJAJFINSV,EQ,6184.0,6223.5,6077.1,6096.25
2019-02-12,BAJAJFINSV,EQ,6115.0,6174.0,6065.1,6096.4
2019-02-13,BAJAJFINSV,EQ,6165.0,6216.35,6099.8,6127.65
2019-02-14,BAJAJFINSV,EQ,6119.0,6140.45,6025.0,6035.6
2019-02-15,BAJAJFINSV,EQ,6050.0,6080.0,5855.0,6025.45
2019-02-18,BAJAJFINSV,EQ,6069.0,6083.05,5860.35,5885.15
2019-02-19,BAJAJFINSV,EQ,5886.5,6030.0,5862.35,5969.75
2019-02-20,BAJAJFINSV,EQ,6007.0,6045.0,5932.2,5998.45
2019-02-21,BAJAJFINSV,EQ,6040.0,6220.0,5982.0,6169.1
2019-02-22,BAJAJFINSV,EQ,6170.0,6272.7,6146.95,6195.65
2019-02-25,BAJAJFINSV,EQ,6220.0,6391.3,6180.0,6333.55
2019-02-26,BAJAJFINSV,EQ,6265.0,6498.25,6241.15,6452.65
2019-02-27,BAJAJFINSV,EQ,6475.0,6509.7,6380.05,6419.85
2019-02-28,BAJAJFINSV,EQ,6478.0,6480.0,6413.1,6462.45
2019-03-01,BAJAJFINSV,EQ,6480.0,6540.0,6428.05,6440.6
2019-03-05,BAJAJFINSV,EQ,6440.0,6650.0,6386.0,6543.75
2019-03-06,BAJAJFINSV,EQ,6610.0,6625.0,6518.35,6609.15
2019-03-07,BAJAJFINSV,EQ,6580.1,6668.6,6565.0,6598.5
2019-03-08,BAJAJFINSV,EQ,6570.0,6640.0,6550.0,6616.95
2019-03-11,BAJAJFINSV,EQ,6616.5,6812.1,6612.25,6783.6
2019-03-12,BAJAJFINSV,EQ,6858.0,6891.0,6791.8,6860.9
2019-03-13,BAJAJFINSV,EQ,6850.0,6931.0,6792.65,6898.2
2019-03-14,BAJAJFINSV,EQ,6900.0,6955.0,6857.65,6932.1
2019-03-15,BAJAJFINSV,EQ,6920.0,7004.0,6900.0,6927.95
2019-03-18,BAJAJFINSV,EQ,6970.0,7044.9,6880.05,7006.8
2019-03-19,BAJAJFINSV,EQ,7000.0,7036.0,6950.0,6975.65
2019-03-20,BAJAJFINSV,EQ,6990.0,6998.7,6907.2,6953.5
2019-03-22,BAJAJFINSV,EQ,6970.0,7080.0,6938.9,6960.05
2019-03-25,BAJAJFINSV,EQ,6942.7,6969.2,6881.0,6917.25
2019-03-26,BAJAJFINSV,EQ,6967.0,7060.0,6920.0,6987.85
2019-03-27,BAJAJFINSV,EQ,7000.0,7079.0,6951.35,6980.35
2019-03-28,BAJAJFINSV,EQ,6994.0,7022.7,6857.5,6952.55
2019-03-29,BAJAJFINSV,EQ,7001.0,7060.0,6941.0,7037.05
2019-04-01,BAJAJFINSV,EQ,7090.0,7180.0,7040.0,7158.8
2019-04-02,BAJAJFINSV,EQ,7197.4,7311.0,7159.9,7279.6
2019-04-03,BAJAJFINSV,EQ,7299.0,7450.0,7285.15,7401.55
2019-04-04,BAJAJFINSV,EQ,7411.55,7422.0,7282.0,7318.55
2019-04-05,BAJAJFINSV,EQ,7350.0,7420.45,7320.4,7397.8
2019-04-08,BAJAJFINSV,EQ,7438.8,7440.0,7310.0,7347.25
2019-04-09,BAJAJFINSV,EQ,7340.0,7400.0,7272.0,7379.2
2019-04-10,BAJAJFINSV,EQ,7373.9,7445.0,7345.0,7423.3
2019-04-11,BAJAJFINSV,EQ,7419.5,7590.0,7396.2,7562.75
2019-04-12,BAJAJFINSV,EQ,7572.0,7594.95,7506.0,7536.85
2019-04-15,BAJAJFINSV,EQ,7580.0,7580.0,7480.3,7509.15
2019-04-16,BAJAJFINSV,EQ,7548.0,7620.0,7496.0,7578.95
2019-04-18,BAJAJFINSV,EQ,7593.0,7595.0,7465.0,7571.15
2019-04-22,BAJAJFINSV,EQ,7580.0,7580.0,7455.35,7472.75
2019-04-23,BAJAJFINSV,EQ,7488.0,7533.0,7485.0,7495.05
2019-04-24,BAJAJFINSV,EQ,7490.0,7672.5,7475.55,7637.95
2019-04-25,BAJAJFINSV,EQ,7663.5,7735.95,7625.0,7669.5
2019-04-26,BAJAJFINSV,EQ,7685.1,7747.2,7625.0,7721.25
2019-04-30,BAJAJFINSV,EQ,7721.25,7730.0,7449.15,7520.45
2019-05-02,BAJAJFINSV,EQ,7522.0,7625.0,7500.85,7578.85
2019-05-03,BAJAJFINSV,EQ,7595.0,7669.9,7590.0,7624.2
2019-05-06,BAJAJFINSV,EQ,7580.0,7699.75,7557.6,7667.95
2019-05-07,BAJAJFINSV,EQ,7684.0,7698.75,7525.0,7561.95
2019-05-08,BAJAJFINSV,EQ,7550.0,7551.0,7312.3,7345.75
2019-05-09,BAJAJFINSV,EQ,7305.0,7494.2,7278.0,7467.3
2019-05-10,BAJAJFINSV,EQ,7495.0,7528.95,7351.0,7383.7
2019-05-13,BAJAJFINSV,EQ,7416.2,7416.2,7303.25,7347.35
2019-05-14,BAJAJFINSV,EQ,7320.15,7418.0,7226.05,7365.7
2019-05-15,BAJAJFINSV,EQ,7399.0,7535.0,7335.15,7454.7
2019-05-16,BAJAJFINSV,EQ,7483.75,7663.15,7422.0,7617.45
2019-05-17,BAJAJFINSV,EQ,7675.0,8029.75,7588.35,7992.95
2019-05-20,BAJAJFINSV,EQ,8056.0,8294.0,8056.0,8235.0
2019-05-21,BAJAJFINSV,EQ,8239.0,8335.0,8100.05,8185.4
2019-05-22,BAJAJFINSV,EQ,8194.0,8273.0,8102.0,8221.55
2019-05-23,BAJAJFINSV,EQ,8275.0,8303.0,7980.0,8013.3
2019-05-24,BAJAJFINSV,EQ,8013.0,8185.0,7998.3,8151.7
2019-05-27,BAJAJFINSV,EQ,8150.0,8250.0,8112.0,8213.05
2019-05-28,BAJAJFINSV,EQ,8200.0,8242.5,8069.5,8128.55
2019-05-29,BAJAJFINSV,EQ,8128.4,8160.0,8055.15,8131.75
2019-05-30,BAJAJFINSV,EQ,8150.0,8260.0,8120.0,8226.9
2019-05-31,BAJAJFINSV,EQ,8219.0,8279.0,8152.65,8187.95
2019-06-03,BAJAJFINSV,EQ,8194.0,8365.0,8194.0,8348.1
2019-06-04,BAJAJFINSV,EQ,8344.95,8388.0,8292.35,8312.85
2019-06-06,BAJAJFINSV,EQ,8329.0,8362.8,8102.1,8125.2
2019-06-07,BAJAJFINSV,EQ,8160.0,8245.0,8103.4,8202.35
2019-06-10,BAJAJFINSV,EQ,8260.0,8360.0,8226.7,8304.45
2019-06-11,BAJAJFINSV,EQ,8310.0,8339.1,8241.6,8270.65
2019-06-12,BAJAJFINSV,EQ,8275.0,8288.6,8185.9,8245.6
2019-06-13,BAJAJFINSV,EQ,8237.45,8320.0,8213.0,8292.35
2019-06-14,BAJAJFINSV,EQ,8287.0,8315.0,8200.0,8235.15
2019-06-17,BAJAJFINSV,EQ,8244.0,8244.0,8094.65,8121.3
2019-06-18,BAJAJFINSV,EQ,8144.0,8275.0,8130.0,8246.25
2019-06-19,BAJAJFINSV,EQ,8285.0,8310.0,8191.3,8257.0
2019-06-20,BAJAJFINSV,EQ,8177.0,8474.0,8177.0,8417.85
2019-06-21,BAJAJFINSV,EQ,8382.0,8459.0,8363.5,8392.45
2019-06-24,BAJAJFINSV,EQ,8392.45,8432.0,8338.0,8354.65
2019-06-25,BAJAJFINSV,EQ,8350.0,8399.65,8327.0,8346.15
2019-06-26,BAJAJFINSV,EQ,8339.7,8437.95,8304.1,8410.5
2019-06-27,BAJAJFINSV,EQ,8405.2,8479.0,8400.2,8443.9
2019-06-28,BAJAJFINSV,EQ,8443.9,8557.85,8423.8,8524.65
2019-07-01,BAJAJFINSV,EQ,8548.0,8575.0,8503.05,8521.05
2019-07-02,BAJAJFINSV,EQ,8549.0,8549.0,8422.0,8474.85
2019-07-03,BAJAJFINSV,EQ,8509.0,8510.0,8405.6,8430.45
2019-07-04,BAJAJFINSV,EQ,8420.0,8556.1,8420.0,8537.55
2019-07-05,BAJAJFINSV,EQ,8545.0,8580.0,8411.4,8435.35
2019-07-08,BAJAJFINSV,EQ,8499.9,8499.9,7463.05,7593.05
2019-07-09,BAJAJFINSV,EQ,7590.0,7934.35,7418.95,7855.4
2019-07-10,BAJAJFINSV,EQ,7819.9,7907.2,7602.65,7658.2
2019-07-11,BAJAJFINSV,EQ,7693.0,7799.0,7601.0,7645.7
2019-07-12,BAJAJFINSV,EQ,7690.0,7779.9,7635.0,7725.7
2019-07-15,BAJAJFINSV,EQ,7750.7,7780.0,7672.0,7714.45
2019-07-16,BAJAJFINSV,EQ,7711.0,7900.0,7702.05,7881.7
2019-07-17,BAJAJFINSV,EQ,7882.0,7909.0,7820.5,7854.55
2019-07-18,BAJAJFINSV,EQ,7858.7,7907.9,7810.0,7847.65
2019-07-19,BAJAJFINSV,EQ,7900.0,7900.0,7506.0,7566.35
2019-07-22,BAJAJFINSV,EQ,7541.0,7544.0,7080.8,7162.45
2019-07-23,BAJAJFINSV,EQ,7164.8,7254.95,7115.0,7170.35
2019-07-24,BAJAJFINSV,EQ,7205.0,7223.0,6966.05,7065.3
2019-07-25,BAJAJFINSV,EQ,7069.9,7170.0,6760.0,6782.3
2019-07-26,BAJAJFINSV,EQ,6775.0,7298.0,6631.7,7233.0
2019-07-29,BAJAJFINSV,EQ,7235.0,7283.7,7090.0,7120.85
2019-07-30,BAJAJFINSV,EQ,7150.0,7257.75,7056.0,7078.05
2019-07-31,BAJAJFINSV,EQ,7088.0,7123.2,6895.0,7097.85
2019-08-01,BAJAJFINSV,EQ,7075.0,7179.8,6970.55,7082.0
2019-08-02,BAJAJFINSV,EQ,6955.0,7125.0,6902.0,7063.7
2019-08-05,BAJAJFINSV,EQ,6975.0,7035.0,6942.0,6986.95
2019-08-06,BAJAJFINSV,EQ,6950.0,7128.0,6950.0,7096.35
2019-08-07,BAJAJFINSV,EQ,7115.0,7190.0,7076.45,7152.45
2019-08-08,BAJAJFINSV,EQ,7200.05,7376.3,7128.0,7290.45
2019-08-09,BAJAJFINSV,EQ,7355.0,7590.0,7325.0,7504.0
2019-08-13,BAJAJFINSV,EQ,7510.0,7545.0,7066.05,7089.15
2019-08-14,BAJAJFINSV,EQ,7198.0,7449.9,7130.05,7415.2
2019-08-16,BAJAJFINSV,EQ,7391.0,7575.0,7283.35,7439.4
2019-08-19,BAJAJFINSV,EQ,7465.3,7530.85,7340.55,7376.65
2019-08-20,BAJAJFINSV,EQ,7420.0,7450.0,7207.0,7236.15
2019-08-21,BAJAJFINSV,EQ,7241.0,7334.0,7117.35,7145.85
2019-08-22,BAJAJFINSV,EQ,7164.0,7186.25,6740.0,6767.35
2019-08-23,BAJAJFINSV,EQ,6773.0,6963.0,6581.0,6884.6
2019-08-26,BAJAJFINSV,EQ,7149.0,7223.65,6909.55,7190.8
2019-08-27,BAJAJFINSV,EQ,7220.8,7242.0,7095.0,7126.5
2019-08-28,BAJAJFINSV,EQ,7107.0,7140.0,6983.3,7035.95
2019-08-29,BAJAJFINSV,EQ,7025.0,7055.0,6931.2,6979.85
2019-08-30,BAJAJFINSV,EQ,6997.0,7146.55,6965.0,7119.55
2019-09-03,BAJAJFINSV,EQ,7050.0,7093.95,7000.0,7026.3
2019-09-04,BAJAJFINSV,EQ,7030.0,7077.0,6950.0,7023.1
2019-09-05,BAJAJFINSV,EQ,7050.0,7094.95,6953.6,7001.05
2019-09-06,BAJAJFINSV,EQ,7023.5,7187.95,7023.5,7175.9
2019-09-09,BAJAJFINSV,EQ,7160.0,7357.4,7137.1,7323.95
2019-09-11,BAJAJFINSV,EQ,7349.95,7419.0,7295.0,7354.2
2019-09-12,BAJAJFINSV,EQ,7355.0,7357.9,7126.65,7291.95
2019-09-13,BAJAJFINSV,EQ,7303.95,7399.75,7256.0,7388.75
2019-09-16,BAJAJFINSV,EQ,7314.85,7385.0,7252.9,7280.25
2019-09-17,BAJAJFINSV,EQ,7291.0,7325.0,7108.3,7150.5
2019-09-18,BAJAJFINSV,EQ,7221.0,7348.0,7196.0,7255.05
2019-09-19,BAJAJFINSV,EQ,7246.0,7249.0,7135.55,7188.65
2019-09-20,BAJAJFINSV,EQ,7230.0,7800.0,7102.0,7693.65
2019-09-23,BAJAJFINSV,EQ,7852.0,8392.9,7831.0,8297.75
2019-09-24,BAJAJFINSV,EQ,8298.0,8374.75,8157.05,8240.7
2019-09-25,BAJAJFINSV,EQ,8221.0,8374.95,8160.8,8255.6
2019-09-26,BAJAJFINSV,EQ,8300.0,8498.8,8295.0,8464.6
2019-09-27,BAJAJFINSV,EQ,8480.0,8577.0,8404.0,8550.35
2019-09-30,BAJAJFINSV,EQ,8560.0,8668.8,8410.35,8513.0
2019-10-01,BAJAJFINSV,EQ,8571.0,8613.95,8285.9,8458.35
2019-10-03,BAJAJFINSV,EQ,8433.0,8485.0,8320.45,8446.45
2019-10-04,BAJAJFINSV,EQ,8514.0,8541.35,8250.7,8300.75
2019-10-07,BAJAJFINSV,EQ,8295.0,8355.0,8190.0,8220.0
2019-10-09,BAJAJFINSV,EQ,8279.0,8349.9,8176.0,8318.25
2019-10-10,BAJAJFINSV,EQ,8280.0,8345.0,8175.0,8201.85
2019-10-11,BAJAJFINSV,EQ,8224.0,8328.85,8105.0,8169.45
2019-10-14,BAJAJFINSV,EQ,8195.0,8254.1,8052.0,8082.25
2019-10-15,BAJAJFINSV,EQ,8130.0,8130.0,8013.0,8035.85
2019-10-16,BAJAJFINSV,EQ,8085.55,8260.0,8065.05,8134.3
2019-10-17,BAJAJFINSV,EQ,8154.0,8357.4,8102.0,8316.65
2019-10-18,BAJAJFINSV,EQ,8316.0,8437.6,8230.0,8265.95
2019-10-22,BAJAJFINSV,EQ,8300.0,8393.0,7975.25,8008.85
2019-10-23,BAJAJFINSV,EQ,8173.0,8276.6,8021.0,8070.95
2019-10-24,BAJAJFINSV,EQ,8129.95,8200.0,8035.0,8091.0
2019-10-25,BAJAJFINSV,EQ,8141.0,8160.0,7852.0,7972.15
2019-10-27,BAJAJFINSV,EQ,7980.0,8085.45,7954.35,8001.5
2019-10-29,BAJAJFINSV,EQ,8113.0,8174.35,8013.0,8150.9
2019-10-30,BAJAJFINSV,EQ,8196.85,8199.05,8061.25,8082.4
2019-10-31,BAJAJFINSV,EQ,8120.0,8241.95,8100.0,8134.35
2019-11-01,BAJAJFINSV,EQ,8168.0,8429.0,8110.5,8384.75
2019-11-04,BAJAJFINSV,EQ,8480.0,8750.0,8450.25,8706.6
2019-11-05,BAJAJFINSV,EQ,8800.0,8887.75,8655.4,8845.75
2019-11-06,BAJAJFINSV,EQ,8800.0,8875.0,8721.05,8772.85
2019-11-07,BAJAJFINSV,EQ,8798.0,8859.7,8762.05,8832.9
2019-11-08,BAJAJFINSV,EQ,8795.0,8950.0,8750.0,8818.85
2019-11-11,BAJAJFINSV,EQ,8799.0,8925.0,8775.0,8903.3
2019-11-13,BAJAJFINSV,EQ,8888.0,9027.0,8855.55,8978.35
2019-11-14,BAJAJFINSV,EQ,8979.95,9091.0,8900.0,9061.85
2019-11-15,BAJAJFINSV,EQ,9070.2,9140.0,9033.6,9057.85
2019-11-18,BAJAJFINSV,EQ,9065.5,9126.0,9015.45,9104.25
2019-11-19,BAJAJFINSV,EQ,9070.0,9189.0,9066.3,9152.8
2019-11-20,BAJAJFINSV,EQ,9135.0,9185.0,9060.0,9079.25
2019-11-21,BAJAJFINSV,EQ,9085.0,9117.0,9032.0,9055.1
2019-11-22,BAJAJFINSV,EQ,9059.8,9080.0,8981.0,9039.3
2019-11-25,BAJAJFINSV,EQ,9051.0,9220.0,9015.2,9175.0
2019-11-26,BAJAJFINSV,EQ,9170.0,9215.0,9089.6,9121.3
2019-11-27,BAJAJFINSV,EQ,9141.0,9260.3,9121.3,9228.45
2019-11-28,BAJAJFINSV,EQ,9254.5,9284.75,9190.05,9240.1
2019-11-29,BAJAJFINSV,EQ,9230.0,9235.8,9095.3,9110.25
2019-12-02,BAJAJFINSV,EQ,9110.0,9110.0,8900.0,8948.3
2019-12-03,BAJAJFINSV,EQ,8975.0,9127.3,8926.5,9089.75
2019-12-04,BAJAJFINSV,EQ,9068.9,9088.0,8955.05,9030.25
2019-12-05,BAJAJFINSV,EQ,9015.0,9030.25,8935.05,8965.5
2019-12-06,BAJAJFINSV,EQ,9012.0,9035.5,8824.25,8853.1
2019-12-09,BAJAJFINSV,EQ,8896.7,8994.75,8821.05,8929.0
2019-12-10,BAJAJFINSV,EQ,8910.0,8993.0,8879.0,8927.2
2019-12-11,BAJAJFINSV,EQ,8950.0,9100.0,8935.05,9079.1
2019-12-12,BAJAJFINSV,EQ,9100.0,9184.0,9081.2,9169.25
2019-12-13,BAJAJFINSV,EQ,9200.0,9274.9,9142.15,9210.3
2019-12-16,BAJAJFINSV,EQ,9250.0,9300.0,9150.0,9288.1
2019-12-17,BAJAJFINSV,EQ,9281.8,9389.8,9261.4,9361.75
2019-12-18,BAJAJFINSV,EQ,9365.0,9421.0,9326.65,9362.6
2019-12-19,BAJAJFINSV,EQ,9350.0,9358.8,9256.6,9270.75
2019-12-20,BAJAJFINSV,EQ,9290.0,9333.0,9260.0,9280.05
2019-12-23,BAJAJFINSV,EQ,9281.75,9370.0,9260.75,9304.05
2019-12-24,BAJAJFINSV,EQ,9290.05,9327.9,9252.3,9294.85
2019-12-26,BAJAJFINSV,EQ,9325.0,9392.0,9290.0,9350.1
2019-12-27,BAJAJFINSV,EQ,9360.0,9465.0,9348.05,9443.15
2019-12-30,BAJAJFINSV,EQ,9444.0,9482.0,9402.55,9439.2
2019-12-31,BAJAJFINSV,EQ,9422.4,9444.95,9379.0,9393.35
2020-01-01,BAJAJFINSV,EQ,9420.0,9432.45,9351.95,9378.45
2020-01-02,BAJAJFINSV,EQ,9378.5,9530.95,9378.45,9505.6
2020-01-03,BAJAJFINSV,EQ,9465.0,9504.6,9324.0,9345.85
2020-01-06,BAJAJFINSV,EQ,9339.0,9339.0,9022.0,9042.7
2020-01-07,BAJAJFINSV,EQ,9125.0,9265.0,9065.05,9095.65
2020-01-08,BAJAJFINSV,EQ,8971.0,9166.85,8961.6,9145.5
2020-01-09,BAJAJFINSV,EQ,9499.9,9499.9,9209.0,9395.25
2020-01-10,BAJAJFINSV,EQ,9375.15,9434.85,9338.3,9372.25
2020-01-13,BAJAJFINSV,EQ,9399.8,9468.0,9365.0,9455.25
2020-01-14,BAJAJFINSV,EQ,9446.0,9579.8,9405.3,9554.85
2020-01-15,BAJAJFINSV,EQ,9539.85,9619.0,9501.6,9589.15
2020-01-16,BAJAJFINSV,EQ,9590.0,9640.0,9565.05,9622.15
2020-01-17,BAJAJFINSV,EQ,9614.0,9740.3,9601.0,9715.0
2020-01-20,BAJAJFINSV,EQ,9725.0,9764.35,9550.0,9572.75
2020-01-21,BAJAJFINSV,EQ,9583.95,9625.0,9508.2,9534.3
2020-01-22,BAJAJFINSV,EQ,9590.0,9600.0,9495.0,9547.5
2020-01-23,BAJAJFINSV,EQ,9547.5,9596.0,9484.15,9534.2
2020-01-24,BAJAJFINSV,EQ,9519.2,9650.0,9480.1,9633.75
2020-01-27,BAJAJFINSV,EQ,9590.0,9648.9,9535.0,9557.6
2020-01-28,BAJAJFINSV,EQ,9557.6,9710.0,9530.0,9631.3
2020-01-29,BAJAJFINSV,EQ,9649.0,9929.0,9649.0,9894.25
2020-01-30,BAJAJFINSV,EQ,9924.0,9950.0,9603.35,9639.65
2020-01-31,BAJAJFINSV,EQ,9708.0,9708.0,9410.0,9441.4
2020-02-01,BAJAJFINSV,EQ,9442.55,9614.0,8820.0,8947.4
2020-02-03,BAJAJFINSV,EQ,8955.0,9235.0,8885.0,9086.15
2020-02-04,BAJAJFINSV,EQ,9180.0,9624.9,9161.3,9534.9
2020-02-05,BAJAJFINSV,EQ,9540.0,9684.0,9457.7,9591.4
2020-02-06,BAJAJFINSV,EQ,9600.0,9709.0,9560.0,9619.7
2020-02-07,BAJAJFINSV,EQ,9610.0,9673.65,9561.05,9623.3
2020-02-10,BAJAJFINSV,EQ,9605.0,9657.95,9531.0,9627.0
2020-02-11,BAJAJFINSV,EQ,9643.5,9810.0,9643.5,9731.6
2020-02-12,BAJAJFINSV,EQ,9738.0,9840.95,9685.25,9771.85
2020-02-13,BAJAJFINSV,EQ,9758.0,9795.0,9689.0,9717.2
2020-02-14,BAJAJFINSV,EQ,9735.0,9795.0,9653.05,9690.5
2020-02-17,BAJAJFINSV,EQ,9699.8,9785.25,9514.55,9528.85
2020-02-18,BAJAJFINSV,EQ,9527.0,9564.95,9416.0,9529.5
2020-02-19,BAJAJFINSV,EQ,9580.0,9780.0,9580.0,9758.65
2020-02-20,BAJAJFINSV,EQ,9758.0,9827.55,9693.75,9709.7
2020-02-24,BAJAJFINSV,EQ,9680.0,9680.0,9448.3,9466.9
2020-02-25,BAJAJFINSV,EQ,9500.0,9550.0,9351.1,9525.0
2020-02-26,BAJAJFINSV,EQ,9455.0,9494.9,9360.0,9387.0
2020-02-27,BAJAJFINSV,EQ,9385.0,9494.7,9266.8,9408.0
2020-02-28,BAJAJFINSV,EQ,9270.5,9286.55,8825.05,9050.75
2020-03-02,BAJAJFINSV,EQ,9300.0,9300.0,8808.0,8914.5
2020-03-03,BAJAJFINSV,EQ,9000.0,9116.65,8680.0,8963.65
2020-03-04,BAJAJFINSV,EQ,9000.0,9066.6,8593.25,8799.7
2020-03-05,BAJAJFINSV,EQ,8870.0,8970.0,8761.05,8879.9
2020-03-06,BAJAJFINSV,EQ,8570.0,8625.0,8400.0,8603.2
2020-03-09,BAJAJFINSV,EQ,8439.0,8450.0,8160.0,8207.1
2020-03-11,BAJAJFINSV,EQ,8180.0,8397.1,8128.05,8254.0
2020-03-12,BAJAJFINSV,EQ,7900.0,7981.95,7400.0,7438.05
2020-03-13,BAJAJFINSV,EQ,6800.0,7883.9,6524.25,7742.0
2020-03-16,BAJAJFINSV,EQ,7450.0,7566.5,7200.0,7495.6
2020-03-17,BAJAJFINSV,EQ,7501.0,7521.95,6956.8,7017.5
2020-03-18,BAJAJFINSV,EQ,7150.0,7200.0,6257.4,6310.2
2020-03-19,BAJAJFINSV,EQ,5865.0,6205.85,5442.65,5785.5
2020-03-20,BAJAJFINSV,EQ,5725.2,6391.95,5700.0,6233.05
2020-03-23,BAJAJFINSV,EQ,5640.0,5890.4,4449.0,4621.05
2020-03-24,BAJAJFINSV,EQ,4900.0,5080.0,4160.25,4497.75
2020-03-25,BAJAJFINSV,EQ,4450.0,4920.0,4400.05,4830.3
2020-03-26,BAJAJFINSV,EQ,4975.0,5554.8,4825.2,5147.25
2020-03-27,BAJAJFINSV,EQ,5477.0,5660.0,4675.0,4890.6
2020-03-30,BAJAJFINSV,EQ,4700.0,4779.6,4555.0,4661.15
2020-03-31,BAJAJFINSV,EQ,4810.0,4879.55,4430.0,4591.2
2020-04-01,BAJAJFINSV,EQ,4560.0,4667.7,4460.0,4501.9
2020-04-03,BAJAJFINSV,EQ,4560.0,4646.0,4430.0,4510.75
2020-04-07,BAJAJFINSV,EQ,4620.0,4818.8,4329.05,4724.9
2020-04-08,BAJAJFINSV,EQ,4575.0,4950.0,4537.8,4608.5
2020-04-09,BAJAJFINSV,EQ,4705.0,4848.0,4662.0,4820.25
2020-04-13,BAJAJFINSV,EQ,4844.0,4844.0,4469.35,4491.4
2020-04-15,BAJAJFINSV,EQ,4551.0,4664.25,4480.0,4599.1
2020-04-16,BAJAJFINSV,EQ,4570.0,4760.0,4508.8,4699.6
2020-04-17,BAJAJFINSV,EQ,4876.0,5136.0,4855.05,4999.7
2020-04-20,BAJAJFINSV,EQ,5085.8,5090.0,4720.45,4882.25
2020-04-21,BAJAJFINSV,EQ,4749.0,4749.0,4575.0,4595.05
2020-04-22,BAJAJFINSV,EQ,4585.0,4815.65,4485.0,4775.75
2020-04-23,BAJAJFINSV,EQ,4800.0,4858.0,4705.05,4729.6
2020-04-24,BAJAJFINSV,EQ,4675.0,4675.0,4365.0,4389.8
2020-04-27,BAJAJFINSV,EQ,4430.2,4670.0,4288.0,4617.5
2020-04-28,BAJAJFINSV,EQ,4691.0,4910.0,4581.15,4861.8
2020-04-29,BAJAJFINSV,EQ,4865.1,5070.0,4822.4,4998.65
2020-04-30,BAJAJFINSV,EQ,5108.0,5175.0,5050.85,5104.35
2020-05-04,BAJAJFINSV,EQ,4922.0,4939.9,4720.0,4762.35
2020-05-05,BAJAJFINSV,EQ,4890.0,4920.0,4610.0,4629.2
2020-05-06,BAJAJFINSV,EQ,4647.0,4789.8,4542.0,4692.9
2020-05-07,BAJAJFINSV,EQ,4678.0,4796.0,4640.0,4673.4
2020-05-08,BAJAJFINSV,EQ,4768.0,4778.4,4577.35,4601.0
2020-05-11,BAJAJFINSV,EQ,4687.3,4717.7,4540.1,4558.0
2020-05-12,BAJAJFINSV,EQ,4528.0,4715.8,4455.5,4668.2
2020-05-13,BAJAJFINSV,EQ,4948.0,5050.0,4778.1,4816.4
2020-05-14,BAJAJFINSV,EQ,4770.0,4937.85,4720.0,4790.25
2020-05-15,BAJAJFINSV,EQ,4792.0,4833.65,4701.0,4723.25
2020-05-18,BAJAJFINSV,EQ,4724.6,4739.05,4451.0,4465.45
2020-05-19,BAJAJFINSV,EQ,4520.0,4595.0,4433.25,4535.45
2020-05-20,BAJAJFINSV,EQ,4548.0,4739.85,4521.45,4702.05
2020-05-21,BAJAJFINSV,EQ,4725.0,4742.7,4515.0,4539.2
2020-05-22,BAJAJFINSV,EQ,4509.1,4578.45,4087.0,4315.55
2020-05-26,BAJAJFINSV,EQ,4360.0,4400.0,4051.8,4097.25
2020-05-27,BAJAJFINSV,EQ,4100.0,4276.95,3985.3,4258.05
2020-05-28,BAJAJFINSV,EQ,4250.0,4325.0,4211.85,4285.95
2020-05-29,BAJAJFINSV,EQ,4240.0,4428.95,4201.5,4404.9
2020-06-01,BAJAJFINSV,EQ,4500.0,4845.35,4476.75,4763.2
2020-06-02,BAJAJFINSV,EQ,4793.95,5238.0,4742.65,5184.7
2020-06-03,BAJAJFINSV,EQ,5344.0,5529.8,5217.1,5286.05
2020-06-04,BAJAJFINSV,EQ,5289.0,5335.95,5068.0,5136.8
2020-06-05,BAJAJFINSV,EQ,5162.0,5285.0,5096.25,5236.4
2020-06-08,BAJAJFINSV,EQ,5360.0,5495.0,5360.0,5440.95
2020-06-09,BAJAJFINSV,EQ,5500.0,5523.95,5250.05,5310.8
2020-06-10,BAJAJFINSV,EQ,5310.8,5344.0,5160.0,5223.0
2020-06-11,BAJAJFINSV,EQ,5200.0,5285.0,5130.0,5158.0
2020-06-12,BAJAJFINSV,EQ,4900.0,5339.0,4900.0,5285.95
2020-06-15,BAJAJFINSV,EQ,5281.0,5281.0,5076.6,5103.6
2020-06-16,BAJAJFINSV,EQ,5250.0,5270.0,4980.7,5128.3
2020-06-17,BAJAJFINSV,EQ,5036.0,5130.0,5007.9,5036.95
2020-06-18,BAJAJFINSV,EQ,5036.95,5499.0,5021.55,5427.55
2020-06-19,BAJAJFINSV,EQ,5450.0,5970.3,5443.8,5899.8
2020-06-22,BAJAJFINSV,EQ,5969.0,6350.0,5960.0,6183.55
2020-06-23,BAJAJFINSV,EQ,6275.0,6382.0,6090.8,6319.65
2020-06-24,BAJAJFINSV,EQ,6455.0,6455.0,5980.4,6046.05
2020-06-25,BAJAJFINSV,EQ,5966.0,6125.0,5920.25,6021.15
2020-06-26,BAJAJFINSV,EQ,6089.0,6133.55,5870.0,5946.3
2020-06-29,BAJAJFINSV,EQ,5832.0,5937.3,5751.3,5890.2
2020-06-30,BAJAJFINSV,EQ,5990.0,6043.65,5815.8,5845.15
2020-07-01,BAJAJFINSV,EQ,5818.0,6194.8,5802.65,6169.35
2020-07-02,BAJAJFINSV,EQ,6199.95,6267.0,6112.65,6188.8
2020-07-03,BAJAJFINSV,EQ,6220.0,6238.3,6128.0,6149.4
2020-07-06,BAJAJFINSV,EQ,6217.0,6321.0,6161.0,6285.0
2020-07-07,BAJAJFINSV,EQ,6323.0,6629.7,6275.05,6589.6
2020-07-08,BAJAJFINSV,EQ,6600.0,6680.0,6369.9,6405.4
2020-07-09,BAJAJFINSV,EQ,6430.5,6638.0,6375.0,6569.2
2020-07-10,BAJAJFINSV,EQ,6515.0,6645.0,6441.0,6483.8
2020-07-13,BAJAJFINSV,EQ,6574.0,6592.4,6400.0,6461.45
2020-07-14,BAJAJFINSV,EQ,6460.0,6460.0,6211.0,6243.45
2020-07-15,BAJAJFINSV,EQ,6320.0,6439.85,6103.0,6168.45
2020-07-16,BAJAJFINSV,EQ,6200.0,6280.0,6065.0,6264.9
2020-07-17,BAJAJFINSV,EQ,6299.95,6382.85,6280.0,6361.6
2020-07-20,BAJAJFINSV,EQ,6400.0,6635.0,6380.0,6620.15
2020-07-21,BAJAJFINSV,EQ,6688.8,6710.0,6338.45,6384.35
2020-07-22,BAJAJFINSV,EQ,6599.0,6599.0,6271.0,6347.4
2020-07-23,BAJAJFINSV,EQ,6369.95,6454.95,6313.15,6381.35
2020-07-24,BAJAJFINSV,EQ,6307.95,6355.0,6225.0,6270.3
2020-07-27,BAJAJFINSV,EQ,6279.0,6315.05,6135.8,6173.2
2020-07-28,BAJAJFINSV,EQ,6175.0,6387.35,6174.0,6342.8
2020-07-29,BAJAJFINSV,EQ,6324.1,6425.0,6292.55,6328.6
2020-07-30,BAJAJFINSV,EQ,6377.25,6421.0,6160.0,6177.6
2020-07-31,BAJAJFINSV,EQ,6220.0,6305.0,6120.0,6205.9
2020-08-03,BAJAJFINSV,EQ,6223.0,6223.0,6060.0,6103.15
2020-08-04,BAJAJFINSV,EQ,6160.1,6228.0,6071.9,6162.0
2020-08-05,BAJAJFINSV,EQ,6225.0,6345.0,6188.4,6242.05
2020-08-06,BAJAJFINSV,EQ,6279.95,6370.0,6242.0,6295.7
2020-08-07,BAJAJFINSV,EQ,6285.0,6500.0,6250.0,6467.15
2020-08-10,BAJAJFINSV,EQ,6509.95,6570.0,6367.0,6402.8
2020-08-11,BAJAJFINSV,EQ,6450.0,6496.0,6391.0,6440.35
2020-08-12,BAJAJFINSV,EQ,6400.0,6400.0,6315.1,6357.2
2020-08-13,BAJAJFINSV,EQ,6400.0,6432.0,6324.1,6350.0
2020-08-14,BAJAJFINSV,EQ,6390.0,6400.0,6190.0,6246.7
2020-08-17,BAJAJFINSV,EQ,6300.0,6319.1,6201.0,6269.1
2020-08-18,BAJAJFINSV,EQ,6290.0,6375.0,6242.0,6343.05
2020-08-19,BAJAJFINSV,EQ,6375.0,6425.0,6283.0,6299.05
2020-08-20,BAJAJFINSV,EQ,6255.0,6314.0,6231.05,6289.45
2020-08-21,BAJAJFINSV,EQ,6346.1,6366.0,6260.05,6282.4
2020-08-24,BAJAJFINSV,EQ,6313.85,6454.85,6294.2,6400.45
2020-08-25,BAJAJFINSV,EQ,6439.95,6522.0,6401.0,6502.6
2020-08-26,BAJAJFINSV,EQ,6535.0,6700.0,6520.75,6564.4
2020-08-27,BAJAJFINSV,EQ,6604.95,6604.95,6487.5,6530.75
2020-08-28,BAJAJFINSV,EQ,6580.0,6650.0,6515.0,6545.55
2020-08-31,BAJAJFINSV,EQ,6604.5,6670.0,6135.0,6190.35
2020-09-01,BAJAJFINSV,EQ,6250.0,6396.75,6146.55,6359.6
2020-09-02,BAJAJFINSV,EQ,6367.0,6415.0,6255.0,6365.05
2020-09-03,BAJAJFINSV,EQ,6390.0,6455.0,6300.0,6355.55
2020-09-04,BAJAJFINSV,EQ,6250.0,6422.95,6201.0,6277.2
2020-09-07,BAJAJFINSV,EQ,6324.0,6349.25,6212.0,6263.65
2020-09-08,BAJAJFINSV,EQ,6299.0,6330.0,6212.05,6234.25
2020-09-09,BAJAJFINSV,EQ,6208.8,6220.0,5981.6,6026.8
2020-09-10,BAJAJFINSV,EQ,6079.0,6192.0,6042.85,6129.25
2020-09-11,BAJAJFINSV,EQ,6128.55,6174.6,6080.0,6128.4
2020-09-14,BAJAJFINSV,EQ,6158.0,6194.0,6091.0,6112.15
2020-09-15,BAJAJFINSV,EQ,6130.0,6159.0,6027.45,6115.55
2020-09-16,BAJAJFINSV,EQ,6141.6,6239.95,6101.15,6145.95
2020-09-17,BAJAJFINSV,EQ,6118.9,6123.65,5990.1,6007.0
2020-09-18,BAJAJFINSV,EQ,6040.05,6060.0,5862.45,5888.45
2020-09-21,BAJAJFINSV,EQ,5896.0,5909.9,5631.0,5712.25
2020-09-22,BAJAJFINSV,EQ,5712.25,5756.0,5545.0,5682.3
2020-09-23,BAJAJFINSV,EQ,5715.0,5757.0,5555.0,5646.65
2020-09-24,BAJAJFINSV,EQ,5580.0,5600.0,5400.0,5425.7
2020-09-25,BAJAJFINSV,EQ,5500.0,5906.15,5430.15,5803.3
2020-09-28,BAJAJFINSV,EQ,5861.65,6040.0,5820.0,5985.95
2020-09-29,BAJAJFINSV,EQ,6031.75,6049.5,5832.55,5876.7
2020-09-30,BAJAJFINSV,EQ,5885.0,5929.0,5820.0,5852.35
2020-10-01,BAJAJFINSV,EQ,5907.0,6104.8,5895.05,6053.6
2020-10-05,BAJAJFINSV,EQ,6090.0,6169.5,5857.8,5881.15
2020-10-06,BAJAJFINSV,EQ,5957.0,6018.0,5890.0,5995.4
2020-10-07,BAJAJFINSV,EQ,5920.0,5938.0,5820.0,5905.25
2020-10-08,BAJAJFINSV,EQ,5950.0,6033.2,5852.25,5871.95
2020-10-09,BAJAJFINSV,EQ,5885.0,6014.0,5870.0,5915.2
2020-10-12,BAJAJFINSV,EQ,5967.5,6000.0,5891.0,5912.75
2020-10-13,BAJAJFINSV,EQ,5900.0,5914.5,5825.0,5867.65
2020-10-14,BAJAJFINSV,EQ,5870.0,6145.0,5855.05,6100.05
2020-10-15,BAJAJFINSV,EQ,6125.0,6168.0,5880.1,5899.05
2020-10-16,BAJAJFINSV,EQ,5939.7,5980.0,5866.0,5952.3
2020-10-19,BAJAJFINSV,EQ,6000.0,6037.95,5925.1,5981.1
2020-10-20,BAJAJFINSV,EQ,5972.0,6025.0,5911.25,5951.85
2020-10-21,BAJAJFINSV,EQ,5967.5,6010.0,5735.1,5904.15
2020-10-22,BAJAJFINSV,EQ,5848.0,6080.0,5845.95,5873.4
2020-10-23,BAJAJFINSV,EQ,5934.85,5962.0,5823.85,5831.55
2020-10-26,BAJAJFINSV,EQ,5872.65,5872.65,5645.0,5700.95
2020-10-27,BAJAJFINSV,EQ,5700.0,5806.5,5632.0,5667.25
2020-10-28,BAJAJFINSV,EQ,5678.0,5743.0,5605.0,5642.35
2020-10-29,BAJAJFINSV,EQ,5640.0,5688.0,5607.2,5623.95
2020-10-30,BAJAJFINSV,EQ,5650.0,5680.0,5511.05,5573.5
2020-11-02,BAJAJFINSV,EQ,5601.4,5725.0,5560.0,5701.45
2020-11-03,BAJAJFINSV,EQ,5752.0,5810.0,5696.7,5743.6
2020-11-04,BAJAJFINSV,EQ,5743.6,5839.0,5715.95,5811.85
2020-11-05,BAJAJFINSV,EQ,5855.0,6080.6,5845.25,6055.15
2020-11-06,BAJAJFINSV,EQ,6025.0,6350.0,6025.0,6286.45
2020-11-09,BAJAJFINSV,EQ,6350.0,6439.0,6257.5,6283.35
2020-11-10,BAJAJFINSV,EQ,6450.0,6733.75,6311.05,6687.65
2020-11-11,BAJAJFINSV,EQ,6690.0,6977.75,6586.15,6944.8
2020-11-12,BAJAJFINSV,EQ,6943.95,7060.0,6850.65,7026.2
2020-11-13,BAJAJFINSV,EQ,6940.0,7300.0,6935.9,7261.1
2020-11-14,BAJAJFINSV,EQ,7350.0,7444.0,7250.0,7335.55
2020-11-17,BAJAJFINSV,EQ,7361.0,7407.6,7251.0,7365.35
2020-11-18,BAJAJFINSV,EQ,7372.0,7845.0,7320.4,7789.95
2020-11-19,BAJAJFINSV,EQ,7789.95,8199.9,7750.0,7823.4
2020-11-20,BAJAJFINSV,EQ,7843.0,8588.65,7843.0,8542.6
2020-11-23,BAJAJFINSV,EQ,8710.0,8982.65,8621.0,8774.35
2020-11-24,BAJAJFINSV,EQ,8819.9,8908.0,8695.1,8859.7
2020-11-25,BAJAJFINSV,EQ,8940.0,9009.0,8642.75,8717.75
2020-11-26,BAJAJFINSV,EQ,8740.0,8842.0,8671.0,8806.7
2020-11-27,BAJAJFINSV,EQ,8844.95,8934.45,8680.0,8758.8
2020-12-01,BAJAJFINSV,EQ,8800.0,8828.85,8712.65,8746.55
2020-12-02,BAJAJFINSV,EQ,8750.0,8879.5,8661.65,8802.2
2020-12-03,BAJAJFINSV,EQ,8831.0,9191.2,8811.1,9114.05
2020-12-04,BAJAJFINSV,EQ,9159.0,9234.5,8970.0,9052.45
2020-12-07,BAJAJFINSV,EQ,9064.0,9129.0,8955.6,9051.95
2020-12-08,BAJAJFINSV,EQ,9056.0,9080.0,8901.0,8969.4
2020-12-09,BAJAJFINSV,EQ,9013.8,9075.0,8951.0,9010.65
2020-12-10,BAJAJFINSV,EQ,9010.65,9074.0,8939.0,9028.85
2020-12-11,BAJAJFINSV,EQ,9067.0,9139.0,8951.0,8995.05
2020-12-14,BAJAJFINSV,EQ,9066.8,9066.8,8895.15,8933.5
2020-12-15,BAJAJFINSV,EQ,8925.0,9338.9,8870.0,9296.95
2020-12-16,BAJAJFINSV,EQ,9369.6,9450.0,9212.0,9257.7
2020-12-17,BAJAJFINSV,EQ,9257.7,9399.9,9208.0,9294.1
2020-12-18,BAJAJFINSV,EQ,9249.9,9315.0,9125.0,9215.6
2020-12-21,BAJAJFINSV,EQ,9189.0,9245.0,8569.65,8846.75
2020-12-22,BAJAJFINSV,EQ,8850.0,8963.8,8621.2,8938.85
2020-12-23,BAJAJFINSV,EQ,8900.0,9140.0,8880.0,9013.25
2020-12-24,BAJAJFINSV,EQ,9083.6,9123.95,8964.1,8992.55
2020-12-28,BAJAJFINSV,EQ,9064.65,9115.0,8965.0,8995.05
2020-12-29,BAJAJFINSV,EQ,9040.1,9056.1,8897.45,8976.05
2020-12-30,BAJAJFINSV,EQ,9000.0,9020.95,8921.0,8961.7
2020-12-31,BAJAJFINSV,EQ,8949.0,9030.0,8840.0,8906.35
2021-01-01,BAJAJFINSV,EQ,8930.0,8958.7,8840.0,8870.45
2021-01-04,BAJAJFINSV,EQ,8940.0,9065.0,8841.75,8898.75
2021-01-05,BAJAJFINSV,EQ,8900.05,8920.0,8736.95,8820.85
2021-01-06,BAJAJFINSV,EQ,8900.0,8900.0,8636.0,8786.35
2021-01-07,BAJAJFINSV,EQ,8820.0,9069.0,8812.0,8988.0
2021-01-08,BAJAJFINSV,EQ,9036.0,9265.0,8948.0,9171.6
2021-01-11,BAJAJFINSV,EQ,9201.0,9262.0,8955.0,8986.1
2021-01-12,BAJAJFINSV,EQ,9004.0,9069.9,8922.5,8959.0
2021-01-13,BAJAJFINSV,EQ,9004.8,9030.0,8710.15,8793.65
2021-01-14,BAJAJFINSV,EQ,8814.0,8929.95,8675.0,8747.35
2021-01-15,BAJAJFINSV,EQ,8754.8,8826.2,8610.0,8636.1
2021-01-18,BAJAJFINSV,EQ,8636.1,8636.1,8273.7,8354.6
2021-01-19,BAJAJFINSV,EQ,8400.0,8978.0,8400.0,8924.15
2021-01-20,BAJAJFINSV,EQ,8938.0,9025.0,8838.0,8938.25
2021-01-21,BAJAJFINSV,EQ,8995.0,9388.85,8950.5,9052.8
2021-01-22,BAJAJFINSV,EQ,9070.0,9213.5,8965.2,9071.0
2021-01-25,BAJAJFINSV,EQ,9144.0,9344.9,9080.0,9198.9
2021-01-27,BAJAJFINSV,EQ,9165.0,9284.95,9042.05,9126.1
2021-01-28,BAJAJFINSV,EQ,9020.0,9215.25,8817.6,8955.3
2021-01-29,BAJAJFINSV,EQ,9041.95,9109.35,8675.55,8722.75
2021-02-01,BAJAJFINSV,EQ,8750.0,9838.9,8638.0,9721.8
2021-02-02,BAJAJFINSV,EQ,9827.7,9990.0,9315.0,9476.3
2021-02-03,BAJAJFINSV,EQ,9561.6,9639.3,9435.35,9536.05
2021-02-04,BAJAJFINSV,EQ,9510.0,9760.0,9470.5,9700.55
2021-02-05,BAJAJFINSV,EQ,9780.0,9940.0,9556.0,9722.2
2021-02-08,BAJAJFINSV,EQ,9750.0,10110.0,9738.05,10021.05
2021-02-09,BAJAJFINSV,EQ,10067.0,10068.0,9882.0,9941.65
2021-02-10,BAJAJFINSV,EQ,9901.0,10354.6,9901.0,10227.95
2021-02-11,BAJAJFINSV,EQ,10105.0,10417.9,10105.0,10216.65
2021-02-12,BAJAJFINSV,EQ,10250.0,10331.15,10168.0,10278.8
2021-02-15,BAJAJFINSV,EQ,10330.2,10579.0,10280.0,10537.7
2021-02-16,BAJAJFINSV,EQ,10500.0,10532.0,10361.0,10460.6
2021-02-17,BAJAJFINSV,EQ,10420.0,10498.8,10112.2,10185.65
2021-02-18,BAJAJFINSV,EQ,10310.0,10310.0,10135.0,10198.95
2021-02-19,BAJAJFINSV,EQ,10150.0,10427.65,10140.0,10250.45
2021-02-22,BAJAJFINSV,EQ,10230.0,10249.2,9960.15,10000.6
2021-02-23,BAJAJFINSV,EQ,10051.0,10195.0,9929.15,10008.65
2021-02-24,BAJAJFINSV,EQ,10030.0,10250.0,10015.05,10199.6
2021-02-25,BAJAJFINSV,EQ,10340.0,10377.95,10131.6,10264.45
2021-02-26,BAJAJFINSV,EQ,9950.0,10114.7,9600.0,9648.6
2021-03-01,BAJAJFINSV,EQ,9799.0,9848.6,9613.7,9774.05
2021-03-02,BAJAJFINSV,EQ,9850.0,9965.0,9779.1,9877.0
2021-03-03,BAJAJFINSV,EQ,9926.4,10444.95,9890.4,10395.6
2021-03-04,BAJAJFINSV,EQ,10150.0,10280.0,10077.75,10129.95
2021-03-05,BAJAJFINSV,EQ,10080.0,10161.0,9900.05,9958.1
2021-03-08,BAJAJFINSV,EQ,9970.0,10045.65,9805.3,9839.1
2021-03-09,BAJAJFINSV,EQ,10000.0,10119.95,9860.2,9969.15
2021-03-10,BAJAJFINSV,EQ,10025.0,10094.7,9930.6,9991.45
2021-03-12,BAJAJFINSV,EQ,10081.5,10216.1,9840.0,9934.1
2021-03-15,BAJAJFINSV,EQ,9969.0,9969.0,9544.0,9689.05
2021-03-16,BAJAJFINSV,EQ,9725.0,9785.65,9585.0,9613.3
2021-03-17,BAJAJFINSV,EQ,9630.0,9661.85,9480.05,9525.1
2021-03-18,BAJAJFINSV,EQ,9600.0,9735.0,9372.0,9430.15
2021-03-19,BAJAJFINSV,EQ,9350.0,9489.85,9211.6,9440.65
2021-03-22,BAJAJFINSV,EQ,9450.0,9494.95,9312.05,9405.85
